-- MySQL dump 10.13  Distrib 5.7.17, for Win64 (x86_64)
--
-- Host: 127.0.0.1    Database: inventario
-- ------------------------------------------------------
-- Server version	5.5.5-10.1.25-MariaDB

/*!40101 SET @OLD_CHARACTER_SET_CLIENT=@@CHARACTER_SET_CLIENT */;
/*!40101 SET @OLD_CHARACTER_SET_RESULTS=@@CHARACTER_SET_RESULTS */;
/*!40101 SET @OLD_COLLATION_CONNECTION=@@COLLATION_CONNECTION */;
/*!40101 SET NAMES utf8 */;
/*!40103 SET @OLD_TIME_ZONE=@@TIME_ZONE */;
/*!40103 SET TIME_ZONE='+00:00' */;
/*!40014 SET @OLD_UNIQUE_CHECKS=@@UNIQUE_CHECKS, UNIQUE_CHECKS=0 */;
/*!40014 SET @OLD_FOREIGN_KEY_CHECKS=@@FOREIGN_KEY_CHECKS, FOREIGN_KEY_CHECKS=0 */;
/*!40101 SET @OLD_SQL_MODE=@@SQL_MODE, SQL_MODE='NO_AUTO_VALUE_ON_ZERO' */;
/*!40111 SET @OLD_SQL_NOTES=@@SQL_NOTES, SQL_NOTES=0 */;

--
-- Table structure for table `accounts_receivables`
--

DROP TABLE IF EXISTS `accounts_receivables`;
/*!40101 SET @saved_cs_client     = @@character_set_client */;
/*!40101 SET character_set_client = utf8 */;
CREATE TABLE `accounts_receivables` (
  `id` int(10) unsigned NOT NULL AUTO_INCREMENT,
  `invoice_id` int(10) unsigned NOT NULL,
  `client_id` int(10) unsigned NOT NULL,
  `credit_type_id` int(10) unsigned NOT NULL,
  `payment_date` date NOT NULL,
  `total` decimal(10,2) NOT NULL,
  `status` varchar(1) COLLATE utf8_unicode_ci NOT NULL,
  `created_at` timestamp NULL DEFAULT NULL,
  `updated_at` timestamp NULL DEFAULT NULL,
  PRIMARY KEY (`id`),
  KEY `accounts_receivables_invoice_id_index` (`invoice_id`),
  KEY `accounts_receivables_client_id_index` (`client_id`),
  KEY `accounts_receivables_credit_type_id_index` (`credit_type_id`),
  CONSTRAINT `accounts_receivables_client_id_foreign` FOREIGN KEY (`client_id`) REFERENCES `clients` (`id`) ON DELETE CASCADE,
  CONSTRAINT `accounts_receivables_credit_type_id_foreign` FOREIGN KEY (`credit_type_id`) REFERENCES `credit_types` (`id`) ON DELETE CASCADE,
  CONSTRAINT `accounts_receivables_invoice_id_foreign` FOREIGN KEY (`invoice_id`) REFERENCES `invoices` (`id`) ON DELETE CASCADE
) ENGINE=InnoDB DEFAULT CHARSET=utf8 COLLATE=utf8_unicode_ci;
/*!40101 SET character_set_client = @saved_cs_client */;

--
-- Dumping data for table `accounts_receivables`
--

LOCK TABLES `accounts_receivables` WRITE;
/*!40000 ALTER TABLE `accounts_receivables` DISABLE KEYS */;
/*!40000 ALTER TABLE `accounts_receivables` ENABLE KEYS */;
UNLOCK TABLES;

--
-- Table structure for table `bar_codes`
--

DROP TABLE IF EXISTS `bar_codes`;
/*!40101 SET @saved_cs_client     = @@character_set_client */;
/*!40101 SET character_set_client = utf8 */;
CREATE TABLE `bar_codes` (
  `id` int(10) unsigned NOT NULL AUTO_INCREMENT,
  `product_id` int(10) unsigned NOT NULL,
  `code` varchar(255) COLLATE utf8_unicode_ci NOT NULL,
  `created_at` timestamp NULL DEFAULT NULL,
  `updated_at` timestamp NULL DEFAULT NULL,
  PRIMARY KEY (`id`),
  KEY `bar_codes_product_id_index` (`product_id`),
  CONSTRAINT `bar_codes_product_id_foreign` FOREIGN KEY (`product_id`) REFERENCES `products` (`id`) ON DELETE CASCADE
) ENGINE=InnoDB AUTO_INCREMENT=181 DEFAULT CHARSET=utf8 COLLATE=utf8_unicode_ci;
/*!40101 SET character_set_client = @saved_cs_client */;

--
-- Dumping data for table `bar_codes`
--

LOCK TABLES `bar_codes` WRITE;
/*!40000 ALTER TABLE `bar_codes` DISABLE KEYS */;
INSERT INTO `bar_codes` VALUES (1,1,'710789915609','2017-10-23 20:27:25','2017-10-23 20:27:25'),(2,2,'Play3Usado','2017-10-23 21:13:35','2017-10-23 21:13:35'),(3,3,'cablps3power','2017-10-23 21:15:07','2017-10-23 21:15:07'),(4,4,'cablhdmiMacho','2017-10-23 21:16:12','2017-10-23 21:16:12'),(5,5,'4j01526997','2017-10-23 21:19:41','2017-10-23 21:19:41'),(6,6,'014633153118','2017-10-23 21:22:26','2017-10-23 21:22:26'),(7,7,'014633730494','2017-10-23 21:26:01','2017-10-23 21:26:01'),(8,8,'014633729924','2017-10-23 21:27:48','2017-10-23 21:27:48'),(9,9,'883929020706','2017-10-23 21:30:17','2017-10-23 21:30:17'),(10,10,'023272342388','2017-10-23 21:33:46','2017-10-23 21:33:46'),(11,11,'711719811121','2017-10-23 21:38:29','2017-10-23 21:38:29'),(12,12,'023272332389','2017-10-23 21:39:56','2017-10-23 21:39:56'),(13,13,'662248911021','2017-10-23 21:41:20','2017-10-23 21:41:20'),(14,14,'014633735444','2017-10-23 21:43:35','2017-10-23 21:43:35'),(15,15,'PS3GameGT5','2017-10-23 21:45:35','2017-10-23 21:45:35'),(16,16,'008888345343','2017-10-23 21:46:46','2017-10-23 21:46:46'),(17,17,'710425378720','2017-10-23 21:48:09','2017-10-23 21:48:09'),(18,18,'Gameps3cOFBL','2017-10-23 21:49:29','2017-10-23 21:49:29'),(19,19,'047875846777','2017-10-23 21:50:56','2017-10-23 21:50:56'),(20,20,'014633194296','2017-10-23 21:51:04','2017-10-23 21:51:04'),(21,21,'047875842052','2017-10-23 21:52:08','2017-10-23 21:52:08'),(22,22,'711719836520','2017-10-23 21:53:12','2017-10-23 21:53:12'),(23,23,'047875837478','2017-10-23 21:53:29','2017-10-23 21:53:29'),(24,24,'711719836521','2017-10-23 21:55:39','2017-10-23 21:55:39'),(25,25,'930430','2017-10-23 21:56:37','2017-10-23 21:56:37'),(26,26,'711719825524','2017-10-23 21:57:49','2017-10-23 21:57:49'),(27,27,'711719099150','2017-10-23 21:58:02','2017-10-23 21:58:02'),(28,28,'014633357363','2017-10-23 21:59:18','2017-10-23 21:59:18'),(29,29,'711719053033','2017-10-23 21:59:55','2017-10-23 21:59:55'),(30,30,'711719100485','2017-10-23 22:01:16','2017-10-23 22:01:16'),(31,31,'867567101017','2017-10-23 22:09:38','2017-10-23 22:09:38'),(32,32,'123456789','2017-10-23 22:14:56','2017-10-23 22:14:56'),(33,33,'8617875010014','2017-10-23 22:19:22','2017-10-23 22:19:22'),(34,34,'12345678','2017-10-23 22:25:47','2017-10-23 22:25:47'),(35,35,'1234567','2017-10-23 22:31:53','2017-10-23 22:31:53'),(36,36,'123456','2017-10-23 22:33:28','2017-10-23 22:33:28'),(37,37,'013388937042','2017-10-23 22:48:20','2017-10-23 22:48:20'),(38,38,'883929583782','2017-10-23 22:50:19','2017-10-23 22:50:19'),(39,39,'047875771109','2017-10-23 22:51:29','2017-10-23 22:51:29'),(40,40,'722674121095','2017-10-23 22:52:21','2017-10-23 22:52:21'),(41,41,'047875874589','2017-10-23 22:53:28','2017-10-23 22:53:28'),(42,42,'887256300692','2017-10-23 22:54:09','2017-10-23 22:54:09'),(43,43,'844290014018','2017-10-23 22:56:03','2017-10-23 22:56:03'),(44,44,'863784000419','2017-10-23 23:00:26','2017-10-23 23:00:26'),(45,45,'710425570018','2017-10-23 23:01:44','2017-10-23 23:01:44'),(46,46,'Xpy4002KX091500438','2017-10-23 23:02:03','2017-10-23 23:02:03'),(47,47,'711719051817','2017-10-23 23:04:06','2017-10-23 23:04:06'),(48,48,'710425475290','2017-10-23 23:05:10','2017-10-23 23:05:10'),(49,49,'711719516750','2017-10-23 23:05:59','2017-10-23 23:05:59'),(50,50,'711719502814','2017-10-23 23:07:39','2017-10-23 23:07:39'),(51,51,'883929474110','2017-10-23 23:09:15','2017-10-23 23:09:15'),(52,52,'711719053163','2017-10-23 23:10:42','2017-10-23 23:10:42'),(53,53,'711719501312','2017-10-23 23:11:43','2017-10-23 23:11:43'),(54,54,'710425476723','2017-10-23 23:12:26','2017-10-23 23:12:26'),(55,55,'219075494505','2017-10-23 23:13:17','2017-10-23 23:13:17'),(56,56,'710425473043','2017-10-23 23:13:19','2017-10-23 23:13:19'),(57,57,'014633372700','2017-10-23 23:14:12','2017-10-23 23:14:12'),(58,58,'6983646411963','2017-10-23 23:28:07','2017-10-23 23:28:07'),(59,59,'8618054010283','2017-10-23 23:30:19','2017-10-23 23:30:19'),(60,60,'NS256661840','2017-10-23 23:30:52','2017-10-23 23:30:52'),(61,61,'KickMobileSafe','2017-10-23 23:33:58','2017-10-23 23:33:58'),(62,62,'861949701280','2017-10-23 23:41:35','2017-10-23 23:41:35'),(63,63,'861805401228','2017-10-23 23:44:30','2017-10-23 23:44:30'),(64,64,'6983646411998','2017-10-23 23:47:48','2017-10-23 23:47:48'),(65,65,'cat315cable1.5','2017-10-23 23:49:42','2017-10-23 23:49:42'),(66,66,'LU534494207','2017-10-23 23:50:27','2017-10-23 23:50:27'),(67,67,'6459751458518','2017-10-23 23:51:41','2017-10-23 23:51:41'),(68,68,'740617169843','2017-10-23 23:54:15','2017-10-23 23:54:15'),(69,69,'862016125124','2017-10-23 23:55:47','2017-10-23 23:55:47'),(70,70,'862016121008','2017-10-23 23:58:34','2017-10-23 23:58:34'),(71,71,'SG756326911','2017-10-23 23:58:41','2017-10-23 23:58:41'),(72,72,'862016122016','2017-10-23 23:59:29','2017-10-23 23:59:29'),(73,73,'microsd32kingston','2017-10-24 00:04:23','2017-10-24 00:04:23'),(74,74,'812820045723','2017-10-24 00:06:57','2017-10-24 00:06:57'),(75,75,'0440120350416','2017-10-24 00:09:40','2017-10-24 00:09:40'),(76,76,'8603079010394','2017-10-24 00:12:51','2017-10-24 00:12:51'),(77,77,'9347781010080','2017-10-24 00:13:16','2017-10-24 00:13:16'),(78,78,'moku1','2017-10-24 00:14:27','2017-10-24 00:14:27'),(79,79,'867567101036','2017-10-24 00:16:17','2017-10-24 00:16:17'),(80,80,'cadaniraro','2017-10-24 00:17:13','2017-10-24 00:17:13'),(81,81,'863667101011','2017-10-24 00:26:15','2017-10-24 00:26:15'),(82,82,'711719504382','2017-10-24 00:28:28','2017-10-24 00:28:28'),(83,83,'863667101001','2017-10-24 00:29:56','2017-10-24 00:29:56'),(84,84,'llavero1gps','2017-10-24 00:30:03','2017-10-24 00:30:03'),(85,85,'711719990086','2017-10-24 00:31:09','2017-10-24 00:31:09'),(86,86,'861949701246','2017-10-24 00:38:41','2017-10-24 00:38:41'),(87,87,'glassscreenPro','2017-10-24 00:40:22','2017-10-24 00:40:22'),(88,88,'861949701271','2017-10-24 00:44:18','2017-10-24 00:44:18'),(89,89,'861949701275','2017-10-24 00:46:03','2017-10-24 00:46:03'),(90,90,'8420070109953','2017-10-24 00:49:06','2017-10-24 00:49:06'),(91,91,'861949701137','2017-10-24 00:51:54','2017-10-24 00:51:54'),(93,93,'860307901027','2017-10-24 01:07:36','2017-10-24 01:07:36'),(94,94,'867177101007','2017-10-24 01:09:52','2017-10-24 01:09:52'),(95,95,'reloj1','2017-10-24 01:10:54','2017-10-24 01:10:54'),(96,96,'854485005414','2017-10-24 01:11:09','2017-10-24 01:11:09'),(97,97,'863867101002','2017-10-24 01:12:13','2017-10-24 01:12:13'),(98,98,'867177101015','2017-10-24 01:13:28','2017-10-24 01:13:28'),(99,99,'867177101004','2017-10-24 16:22:15','2017-10-24 16:22:15'),(100,100,'spiner01','2017-10-24 16:29:59','2017-10-24 16:29:59'),(101,101,'022265743232','2017-10-24 16:31:39','2017-10-24 16:31:39'),(102,102,'holder01','2017-10-24 16:37:49','2017-10-24 16:37:49'),(103,103,'cigabaprin','2017-10-24 16:42:05','2017-10-24 16:42:05'),(104,104,'dz09','2017-10-24 16:43:26','2017-10-24 16:43:26'),(105,105,'changerce5vapex6','2017-10-24 16:43:38','2017-10-24 16:43:38'),(106,106,'861805401225','2017-10-24 16:44:49','2017-10-24 16:44:49'),(107,107,'gt08','2017-10-24 16:45:06','2017-10-24 16:45:06'),(108,108,'audifonosmini01','2017-10-24 16:48:43','2017-10-24 16:48:43'),(109,109,'861805401070','2017-10-24 16:52:19','2017-10-24 16:52:19'),(110,110,'mp4','2017-10-24 16:53:35','2017-10-24 16:53:35'),(111,111,'861949701044','2017-10-24 16:55:09','2017-10-24 16:55:09'),(112,112,'sujecelularun','2017-10-24 16:56:26','2017-10-24 16:56:26'),(113,113,'2006112311230','2017-10-24 16:57:23','2017-10-24 16:57:23'),(114,114,'cabezacargador','2017-10-24 16:57:50','2017-10-24 16:57:50'),(115,115,'gh39-01587b','2017-10-24 17:03:29','2017-10-24 17:03:29'),(116,116,'8618054011853','2017-10-24 17:04:12','2017-10-24 17:04:12'),(117,117,'7506250921698','2017-10-24 17:05:32','2017-10-24 17:05:32'),(118,118,'cableC','2017-10-24 17:07:41','2017-10-24 17:07:41'),(119,119,'plug1','2017-10-24 17:12:20','2017-10-24 17:12:20'),(120,120,'861949701343','2017-10-24 22:52:30','2017-10-24 22:52:30'),(121,121,'holdercaruniversal','2017-10-24 22:53:21','2017-10-24 22:53:21'),(122,122,'860307901028','2017-10-24 22:56:16','2017-10-24 22:56:16'),(123,123,'868667101030','2017-10-24 23:00:55','2017-10-24 23:00:55'),(124,124,'861805401215','2017-10-24 23:03:59','2017-10-24 23:03:59'),(125,125,'755317301011','2017-10-24 23:20:47','2017-10-24 23:20:47'),(126,126,'861805401172','2017-10-24 23:30:27','2017-10-24 23:30:27'),(127,127,'861949701230','2017-10-24 23:36:06','2017-10-24 23:36:06'),(128,128,'8618051012396','2017-10-24 23:37:23','2017-10-24 23:37:23'),(129,129,'861767001026','2017-10-25 00:58:19','2017-10-25 00:58:19'),(130,130,'zipperaudifono','2017-10-25 01:01:25','2017-10-25 01:01:25'),(131,131,'8603079010059','2017-10-25 15:25:56','2017-10-25 15:25:56'),(132,132,'755317301008','2017-10-25 15:29:54','2017-10-25 15:29:54'),(133,133,'861767001028','2017-10-25 15:32:02','2017-10-25 15:32:02'),(134,134,'cablehilousbmicro','2017-10-25 15:35:46','2017-10-25 15:35:46'),(135,135,'cableusbiphonehilo','2017-10-25 15:37:09','2017-10-25 15:37:09'),(136,136,'958686563381','2017-10-25 15:39:23','2017-10-25 15:39:23'),(137,137,'CABLERCATORCA','2017-10-25 15:41:28','2017-10-25 15:41:28'),(138,138,'8618054010276','2017-10-25 16:06:30','2017-10-25 16:06:30'),(139,139,'8603079010233','2017-10-25 16:10:15','2017-10-25 16:10:15'),(140,140,'861949701247','2017-10-25 16:11:52','2017-10-25 16:11:52'),(141,141,'860307901021','2017-10-25 16:13:34','2017-10-25 16:13:34'),(142,142,'861949701209','2017-10-25 16:15:26','2017-10-25 16:15:26'),(143,143,'sillon01','2017-10-25 16:19:14','2017-10-25 16:19:14'),(144,144,'cablehdmitodhmi','2017-10-25 17:03:47','2017-10-25 17:03:47'),(145,145,'861749701267','2017-10-25 17:12:54','2017-10-25 17:12:54'),(146,146,'6942449780287','2017-10-25 19:42:10','2017-10-25 19:42:10'),(147,147,'861796001043','2017-10-25 19:45:53','2017-10-25 19:45:53'),(148,148,'4713621825636','2017-10-25 19:54:17','2017-10-25 19:54:17'),(149,149,'protecps3hule','2017-10-25 19:56:07','2017-10-25 19:56:07'),(150,150,'protectorps3hule','2017-10-25 19:57:01','2017-10-25 19:57:01'),(151,151,'gomitas','2017-10-25 19:58:39','2017-10-25 19:58:39'),(152,152,'863667101003','2017-10-25 21:23:27','2017-10-25 21:23:27'),(153,153,'cis01','2017-10-25 21:25:33','2017-10-25 21:25:33'),(154,154,'nyko01','2017-10-25 21:28:40','2017-10-25 21:28:40'),(155,155,'4902370518412','2017-10-25 21:32:11','2017-10-25 21:32:11'),(156,156,'4902370517859','2017-10-25 21:35:59','2017-10-25 21:35:59'),(157,157,'control64','2017-10-25 22:19:58','2017-10-25 22:19:58'),(158,158,'085006','2017-10-25 22:50:08','2017-10-25 22:50:08'),(159,159,'4893166889987','2017-10-25 22:59:30','2017-10-25 22:59:30'),(160,160,'8529685559822','2017-10-25 23:02:23','2017-10-25 23:02:23'),(161,161,'move01','2017-10-25 23:03:55','2017-10-25 23:03:55'),(162,162,'camaramove01','2017-10-25 23:06:00','2017-10-25 23:06:00'),(163,163,'basedewii01','2017-10-25 23:07:43','2017-10-25 23:07:43'),(164,164,'6940578520132','2017-10-25 23:11:22','2017-10-25 23:11:22'),(165,165,'752919550205','2017-10-26 00:11:39','2017-10-26 00:11:39'),(166,166,'fifa08','2017-10-26 00:16:34','2017-10-26 00:16:34'),(167,167,'justdance3','2017-10-26 00:18:12','2017-10-26 00:18:12'),(168,168,'motionsport','2017-10-26 00:19:46','2017-10-26 00:19:46'),(169,169,'812872011578','2017-10-26 00:21:27','2017-10-26 00:21:27'),(171,171,'J7D-00030','2017-10-26 00:36:27','2017-10-26 00:36:27'),(172,172,'nba2h8','2017-10-26 00:39:49','2017-10-26 00:39:49'),(173,173,'thewitcher2','2017-10-26 00:41:06','2017-10-26 00:41:06'),(174,174,'nba2k13','2017-10-26 00:42:06','2017-10-26 00:42:06'),(175,175,'014633155686','2017-10-26 00:43:12','2017-10-26 00:43:12'),(176,176,'newsupermariobroswii','2017-10-26 00:45:48','2017-10-26 00:45:48'),(177,177,'045496900069','2017-10-26 00:47:52','2017-10-26 00:47:52'),(178,178,'014633191851','2017-10-26 00:48:48','2017-10-26 00:48:48'),(179,179,'cabledoble','2017-10-26 00:55:20','2017-10-26 00:55:20'),(180,180,'e402','2017-10-26 00:57:12','2017-10-26 00:57:12');
/*!40000 ALTER TABLE `bar_codes` ENABLE KEYS */;
UNLOCK TABLES;

--
-- Table structure for table `categories`
--

DROP TABLE IF EXISTS `categories`;
/*!40101 SET @saved_cs_client     = @@character_set_client */;
/*!40101 SET character_set_client = utf8 */;
CREATE TABLE `categories` (
  `id` int(10) unsigned NOT NULL AUTO_INCREMENT,
  `description` varchar(100) COLLATE utf8_unicode_ci NOT NULL,
  `created_at` timestamp NULL DEFAULT NULL,
  `updated_at` timestamp NULL DEFAULT NULL,
  PRIMARY KEY (`id`)
) ENGINE=InnoDB AUTO_INCREMENT=30 DEFAULT CHARSET=utf8 COLLATE=utf8_unicode_ci;
/*!40101 SET character_set_client = @saved_cs_client */;

--
-- Dumping data for table `categories`
--

LOCK TABLES `categories` WRITE;
/*!40000 ALTER TABLE `categories` DISABLE KEYS */;
INSERT INTO `categories` VALUES (1,'Memoria','2017-10-23 17:50:30','2017-10-23 17:50:30'),(2,'Camara','2017-10-23 17:50:38','2017-10-23 17:50:38'),(3,'DVR','2017-10-23 17:58:11','2017-10-23 17:58:11'),(4,'bateria','2017-10-23 18:09:25','2017-10-23 18:09:25'),(5,'Reloj','2017-10-23 18:09:35','2017-10-23 18:09:35'),(6,'Juego','2017-10-23 18:09:46','2017-10-23 18:09:46'),(7,'Impresora','2017-10-23 19:48:00','2017-10-23 19:48:00'),(8,'Cable','2017-10-23 20:16:32','2017-10-23 20:16:32'),(9,'Control','2017-10-23 20:16:55','2017-10-23 20:16:55'),(10,'Adaptador','2017-10-23 23:26:28','2017-10-23 23:26:28'),(11,'Seguridad','2017-10-23 23:30:48','2017-10-23 23:30:48'),(12,'Base','2017-10-23 23:31:01','2017-10-23 23:31:01'),(13,'Celular','2017-10-23 23:31:06','2017-10-23 23:31:06'),(14,'Bocinas ','2017-10-24 00:04:46','2017-10-24 00:04:46'),(15,'computadora','2017-10-24 00:49:15','2017-10-24 00:49:15'),(16,'teclado','2017-10-24 00:49:21','2017-10-24 00:49:21'),(17,'Electronico','2017-10-24 01:10:06','2017-10-24 01:10:06'),(18,'Cigarro','2017-10-24 01:10:10','2017-10-24 01:10:10'),(19,'Liquido','2017-10-24 01:10:17','2017-10-24 01:10:17'),(20,'Fragancia','2017-10-24 01:10:22','2017-10-24 01:10:22'),(21,'Accesorios de Celular','2017-10-24 16:36:29','2017-10-24 16:36:29'),(22,'Audifonos','2017-10-24 16:46:34','2017-10-24 16:46:34'),(23,'reproductores','2017-10-24 16:49:35','2017-10-24 16:49:35'),(24,'cargador','2017-10-24 16:53:42','2017-10-24 16:53:42'),(25,'USB','2017-10-24 16:53:50','2017-10-24 16:53:50'),(26,'Correr','2017-10-24 16:53:56','2017-10-24 16:53:56'),(27,'Sujetador','2017-10-24 16:54:03','2017-10-24 16:54:03'),(29,'hogar','2017-10-25 16:18:08','2017-10-25 16:18:08');
/*!40000 ALTER TABLE `categories` ENABLE KEYS */;
UNLOCK TABLES;

--
-- Table structure for table `client_credit`
--

DROP TABLE IF EXISTS `client_credit`;
/*!40101 SET @saved_cs_client     = @@character_set_client */;
/*!40101 SET character_set_client = utf8 */;
CREATE TABLE `client_credit` (
  `id` int(10) unsigned NOT NULL AUTO_INCREMENT,
  `credit_type_id` int(10) unsigned NOT NULL,
  `client_id` int(10) unsigned NOT NULL,
  `amount` decimal(10,2) NOT NULL,
  `start_date` date NOT NULL,
  `end_date` date NOT NULL,
  `created_at` timestamp NULL DEFAULT NULL,
  `updated_at` timestamp NULL DEFAULT NULL,
  PRIMARY KEY (`id`),
  KEY `client_credit_credit_type_id_index` (`credit_type_id`),
  KEY `client_credit_client_id_index` (`client_id`),
  CONSTRAINT `client_credit_client_id_foreign` FOREIGN KEY (`client_id`) REFERENCES `clients` (`id`) ON DELETE CASCADE,
  CONSTRAINT `client_credit_credit_type_id_foreign` FOREIGN KEY (`credit_type_id`) REFERENCES `credit_types` (`id`) ON DELETE CASCADE
) ENGINE=InnoDB DEFAULT CHARSET=utf8 COLLATE=utf8_unicode_ci;
/*!40101 SET character_set_client = @saved_cs_client */;

--
-- Dumping data for table `client_credit`
--

LOCK TABLES `client_credit` WRITE;
/*!40000 ALTER TABLE `client_credit` DISABLE KEYS */;
/*!40000 ALTER TABLE `client_credit` ENABLE KEYS */;
UNLOCK TABLES;

--
-- Table structure for table `clients`
--

DROP TABLE IF EXISTS `clients`;
/*!40101 SET @saved_cs_client     = @@character_set_client */;
/*!40101 SET character_set_client = utf8 */;
CREATE TABLE `clients` (
  `id` int(10) unsigned NOT NULL AUTO_INCREMENT,
  `first_name` varchar(255) COLLATE utf8_unicode_ci NOT NULL,
  `last_name` varchar(255) COLLATE utf8_unicode_ci NOT NULL,
  `address` varchar(255) COLLATE utf8_unicode_ci NOT NULL,
  `nit` varchar(30) COLLATE utf8_unicode_ci NOT NULL,
  `phone` varchar(10) COLLATE utf8_unicode_ci NOT NULL,
  `created_at` timestamp NULL DEFAULT NULL,
  `updated_at` timestamp NULL DEFAULT NULL,
  PRIMARY KEY (`id`)
) ENGINE=InnoDB AUTO_INCREMENT=2 DEFAULT CHARSET=utf8 COLLATE=utf8_unicode_ci;
/*!40101 SET character_set_client = @saved_cs_client */;

--
-- Dumping data for table `clients`
--

LOCK TABLES `clients` WRITE;
/*!40000 ALTER TABLE `clients` DISABLE KEYS */;
INSERT INTO `clients` VALUES (1,'Maria Elena Carranza','','','CF','','2017-10-24 17:59:33','2017-10-24 17:59:33');
/*!40000 ALTER TABLE `clients` ENABLE KEYS */;
UNLOCK TABLES;

--
-- Table structure for table `costs`
--

DROP TABLE IF EXISTS `costs`;
/*!40101 SET @saved_cs_client     = @@character_set_client */;
/*!40101 SET character_set_client = utf8 */;
CREATE TABLE `costs` (
  `id` int(10) unsigned NOT NULL AUTO_INCREMENT,
  `product_id` int(10) unsigned NOT NULL,
  `unit_price` decimal(10,2) NOT NULL,
  `unit_cost` decimal(10,2) NOT NULL,
  `wholesale_price` decimal(10,2) NOT NULL,
  `created_at` timestamp NULL DEFAULT NULL,
  `updated_at` timestamp NULL DEFAULT NULL,
  PRIMARY KEY (`id`),
  KEY `costs_product_id_index` (`product_id`)
) ENGINE=InnoDB AUTO_INCREMENT=181 DEFAULT CHARSET=utf8 COLLATE=utf8_unicode_ci;
/*!40101 SET character_set_client = @saved_cs_client */;

--
-- Dumping data for table `costs`
--

LOCK TABLES `costs` WRITE;
/*!40000 ALTER TABLE `costs` DISABLE KEYS */;
INSERT INTO `costs` VALUES (1,1,65.00,1.11,1.11,'2017-10-23 20:27:24','2017-10-23 20:27:24'),(2,2,1800.00,800.00,1800.00,'2017-10-23 21:13:34','2017-10-23 21:13:34'),(3,3,50.00,1.11,50.00,'2017-10-23 21:15:07','2017-10-23 21:15:07'),(4,4,50.00,30.00,50.00,'2017-10-23 21:16:12','2017-10-23 21:16:12'),(5,5,100.00,25.00,100.00,'2017-10-23 21:19:40','2017-10-23 21:19:40'),(6,6,50.00,25.00,50.00,'2017-10-23 21:22:25','2017-10-23 21:22:25'),(7,7,50.00,20.00,50.00,'2017-10-23 21:26:01','2017-10-23 21:26:01'),(8,8,50.00,20.00,50.00,'2017-10-23 21:27:47','2017-10-23 21:27:47'),(9,9,100.00,30.00,100.00,'2017-10-23 21:30:17','2017-10-23 21:30:17'),(10,10,100.00,50.00,100.00,'2017-10-23 21:33:46','2017-10-23 21:33:46'),(11,11,100.00,50.00,100.00,'2017-10-23 21:38:29','2017-10-23 21:38:29'),(12,12,100.00,50.00,100.00,'2017-10-23 21:39:55','2017-10-23 21:39:55'),(13,13,100.00,50.00,100.00,'2017-10-23 21:41:19','2017-10-23 21:41:19'),(14,14,100.00,50.00,100.00,'2017-10-23 21:43:35','2017-10-23 21:43:35'),(15,15,100.00,50.00,100.00,'2017-10-23 21:45:34','2017-10-23 21:45:34'),(16,16,100.00,50.00,100.00,'2017-10-23 21:46:45','2017-10-23 21:46:45'),(17,17,100.00,50.00,100.00,'2017-10-23 21:48:08','2017-10-23 21:48:08'),(18,18,100.00,50.00,100.00,'2017-10-23 21:49:29','2017-10-23 21:49:29'),(19,19,100.00,50.00,100.00,'2017-10-23 21:50:55','2017-10-23 21:50:55'),(20,20,50.00,25.00,50.00,'2017-10-23 21:51:04','2017-10-23 21:51:04'),(21,21,100.00,50.00,100.00,'2017-10-23 21:52:07','2017-10-23 21:52:07'),(22,22,50.00,25.00,50.00,'2017-10-23 21:53:12','2017-10-23 21:53:12'),(23,23,100.00,50.00,100.00,'2017-10-23 21:53:29','2017-10-23 21:53:29'),(24,24,50.00,25.00,50.00,'2017-10-23 21:55:39','2017-10-23 21:55:39'),(25,25,75.00,38.00,75.00,'2017-10-23 21:56:37','2017-10-23 21:56:37'),(26,26,75.00,35.00,75.00,'2017-10-23 21:57:49','2017-10-23 21:57:49'),(27,27,75.00,38.00,75.00,'2017-10-23 21:58:02','2017-10-23 21:58:02'),(28,28,75.00,38.00,75.00,'2017-10-23 21:59:17','2017-10-23 21:59:17'),(29,29,75.00,35.00,75.00,'2017-10-23 21:59:54','2017-10-23 21:59:54'),(30,30,175.00,88.00,175.00,'2017-10-23 22:01:15','2017-10-23 22:01:15'),(31,31,299.00,110.00,299.00,'2017-10-23 22:09:38','2017-10-23 22:09:38'),(32,32,275.00,186.00,275.00,'2017-10-23 22:14:56','2017-10-23 22:14:56'),(33,33,190.00,98.00,190.00,'2017-10-23 22:19:22','2017-10-23 22:19:22'),(34,34,225.00,115.00,225.00,'2017-10-23 22:25:46','2017-10-23 22:25:46'),(35,35,225.00,115.00,225.00,'2017-10-23 22:31:53','2017-10-23 22:31:53'),(36,36,375.00,250.00,375.00,'2017-10-23 22:33:28','2017-10-23 22:33:28'),(37,37,450.00,400.00,450.00,'2017-10-23 22:48:20','2017-10-23 22:48:20'),(38,38,525.00,432.00,525.00,'2017-10-23 22:50:19','2017-10-23 22:50:19'),(39,39,250.00,196.00,250.00,'2017-10-23 22:51:28','2017-10-23 22:51:28'),(40,40,399.00,316.00,399.00,'2017-10-23 22:52:21','2017-10-23 22:52:21'),(41,41,399.00,328.00,399.00,'2017-10-23 22:53:27','2017-10-23 22:53:27'),(42,42,250.00,196.00,250.00,'2017-10-23 22:54:09','2017-10-23 22:54:09'),(43,43,450.00,360.00,450.00,'2017-10-23 22:56:03','2017-10-23 22:56:03'),(44,44,475.00,320.00,475.00,'2017-10-23 23:00:26','2017-10-23 23:00:26'),(45,45,499.00,424.00,499.00,'2017-10-23 23:01:43','2017-10-23 23:01:43'),(46,46,1600.00,660.00,1600.00,'2017-10-23 23:02:03','2017-10-23 23:02:03'),(47,47,250.00,192.00,250.00,'2017-10-23 23:04:05','2017-10-23 23:04:05'),(48,48,450.00,368.00,450.00,'2017-10-23 23:05:09','2017-10-24 22:48:43'),(49,49,525.00,432.00,525.00,'2017-10-23 23:05:59','2017-10-23 23:05:59'),(50,50,525.00,432.00,525.00,'2017-10-23 23:07:39','2017-10-23 23:07:39'),(51,51,250.00,184.00,250.00,'2017-10-23 23:09:15','2017-10-23 23:09:15'),(52,52,250.00,192.00,250.00,'2017-10-23 23:10:41','2017-10-23 23:10:41'),(53,53,250.00,192.00,250.00,'2017-10-23 23:11:42','2017-10-23 23:11:42'),(54,54,250.00,208.00,250.00,'2017-10-23 23:12:26','2017-10-23 23:12:26'),(55,55,1250.00,850.00,1250.00,'2017-10-23 23:13:16','2017-10-23 23:13:16'),(56,56,275.00,224.00,275.00,'2017-10-23 23:13:18','2017-10-23 23:13:18'),(57,57,499.00,424.00,499.00,'2017-10-23 23:14:12','2017-10-23 23:14:12'),(58,58,19.00,8.00,19.00,'2017-10-23 23:28:07','2017-10-23 23:28:07'),(59,59,19.00,10.00,19.00,'2017-10-23 23:30:18','2017-10-23 23:30:18'),(60,60,300.00,150.00,300.00,'2017-10-23 23:30:52','2017-10-23 23:30:52'),(61,61,40.00,8.00,40.00,'2017-10-23 23:33:58','2017-10-23 23:33:58'),(62,62,49.00,8.00,49.00,'2017-10-23 23:41:35','2017-10-23 23:41:35'),(63,63,15.00,4.00,15.00,'2017-10-23 23:44:29','2017-10-23 23:44:29'),(64,64,49.00,6.00,49.00,'2017-10-23 23:47:47','2017-10-23 23:47:47'),(65,65,25.00,7.00,25.00,'2017-10-23 23:49:41','2017-10-23 23:49:41'),(66,66,850.00,400.00,850.00,'2017-10-23 23:50:26','2017-10-23 23:50:26'),(67,67,65.00,12.00,65.00,'2017-10-23 23:51:40','2017-10-23 23:51:40'),(68,68,95.00,55.00,95.00,'2017-10-23 23:54:15','2017-10-23 23:54:15'),(69,69,49.00,30.00,49.00,'2017-10-23 23:55:47','2017-10-23 23:55:47'),(70,70,65.00,35.00,65.00,'2017-10-23 23:58:34','2017-10-23 23:59:41'),(71,71,1800.00,800.00,1800.00,'2017-10-23 23:58:41','2017-10-23 23:58:41'),(72,72,95.00,45.00,95.00,'2017-10-23 23:59:29','2017-10-23 23:59:29'),(73,73,135.00,55.00,135.00,'2017-10-24 00:04:22','2017-10-24 00:04:22'),(74,74,150.00,75.00,150.00,'2017-10-24 00:06:57','2017-10-24 00:06:57'),(75,75,90.00,25.00,90.00,'2017-10-24 00:09:40','2017-10-24 00:10:21'),(76,76,90.00,35.00,90.00,'2017-10-24 00:12:51','2017-10-24 00:12:51'),(77,77,150.00,55.00,150.00,'2017-10-24 00:13:16','2017-10-24 00:13:16'),(78,78,25.00,7.00,25.00,'2017-10-24 00:14:27','2017-10-24 00:14:27'),(79,79,35.00,6.00,35.00,'2017-10-24 00:16:17','2017-10-24 00:16:17'),(80,80,15.00,2.00,15.00,'2017-10-24 00:17:13','2017-10-24 00:17:13'),(81,81,275.00,154.00,275.00,'2017-10-24 00:26:14','2017-10-24 00:26:14'),(82,82,525.00,425.00,525.00,'2017-10-24 00:28:27','2017-10-24 00:28:27'),(83,83,150.00,64.00,150.00,'2017-10-24 00:29:56','2017-10-24 00:29:56'),(84,84,99.00,38.00,99.00,'2017-10-24 00:30:03','2017-10-24 00:30:03'),(85,85,300.00,200.00,300.00,'2017-10-24 00:31:09','2017-10-25 20:55:00'),(86,86,75.00,24.00,75.00,'2017-10-24 00:38:41','2017-10-24 00:38:41'),(87,87,35.00,13.00,35.00,'2017-10-24 00:40:21','2017-10-24 00:40:21'),(88,88,35.00,18.00,35.00,'2017-10-24 00:44:17','2017-10-24 00:44:17'),(89,89,65.00,23.00,65.00,'2017-10-24 00:46:03','2017-10-24 00:46:03'),(90,90,60.00,23.00,60.00,'2017-10-24 00:49:06','2017-10-24 00:49:06'),(91,91,150.00,49.00,100.00,'2017-10-24 00:51:53','2017-10-24 00:57:12'),(92,92,150.00,71.00,150.00,'2017-10-24 00:53:37','2017-10-24 00:53:37'),(93,93,125.00,68.00,125.00,'2017-10-24 01:07:35','2017-10-24 01:07:35'),(94,94,450.00,125.00,450.00,'2017-10-24 01:09:52','2017-10-24 01:09:52'),(95,95,99.00,23.00,99.00,'2017-10-24 01:10:53','2017-10-24 01:10:53'),(96,96,450.00,125.00,450.00,'2017-10-24 01:11:09','2017-10-24 01:11:09'),(97,97,100.00,25.00,100.00,'2017-10-24 01:12:13','2017-10-24 01:12:20'),(98,98,250.00,89.00,250.00,'2017-10-24 01:13:28','2017-10-24 01:13:28'),(99,99,25.00,6.00,25.00,'2017-10-24 16:22:14','2017-10-24 16:22:14'),(100,100,50.00,23.00,50.00,'2017-10-24 16:29:59','2017-10-24 16:29:59'),(101,101,175.00,90.00,175.00,'2017-10-24 16:31:38','2017-10-24 16:31:38'),(102,102,15.00,3.00,15.00,'2017-10-24 16:37:49','2017-10-24 16:37:49'),(103,103,50.00,8.00,50.00,'2017-10-24 16:42:04','2017-10-24 16:42:04'),(104,104,169.00,99.00,169.00,'2017-10-24 16:43:25','2017-10-24 16:43:25'),(105,105,50.00,8.00,50.00,'2017-10-24 16:43:38','2017-10-24 16:43:38'),(106,106,15.00,2.50,15.00,'2017-10-24 16:44:49','2017-10-24 16:44:49'),(107,107,175.00,99.00,175.00,'2017-10-24 16:45:06','2017-10-24 16:45:06'),(108,108,125.00,35.00,125.00,'2017-10-24 16:48:43','2017-10-24 16:48:43'),(109,109,50.00,13.00,50.00,'2017-10-24 16:52:18','2017-10-24 16:52:18'),(110,110,99.00,36.00,99.00,'2017-10-24 16:53:35','2017-10-24 16:53:35'),(111,111,35.00,12.00,35.00,'2017-10-24 16:55:08','2017-10-24 16:55:08'),(112,112,45.00,15.00,45.00,'2017-10-24 16:56:25','2017-10-24 16:56:25'),(113,113,45.00,16.00,45.00,'2017-10-24 16:57:22','2017-10-24 16:57:22'),(114,114,20.00,7.00,20.00,'2017-10-24 16:57:50','2017-10-24 16:57:50'),(115,115,15.00,4.00,15.00,'2017-10-24 17:03:29','2017-10-24 17:03:29'),(116,116,250.00,115.00,250.00,'2017-10-24 17:04:12','2017-10-24 17:04:12'),(117,117,599.00,450.00,599.00,'2017-10-24 17:05:32','2017-10-24 17:05:32'),(118,118,20.00,4.00,20.00,'2017-10-24 17:07:41','2017-10-24 17:07:41'),(119,119,20.00,5.00,20.00,'2017-10-24 17:12:20','2017-10-24 17:12:20'),(120,120,1.11,1.11,1.11,'2017-10-24 22:52:30','2017-10-24 22:52:30'),(121,121,35.00,15.00,35.00,'2017-10-24 22:53:21','2017-10-25 21:38:13'),(122,122,35.00,13.00,35.00,'2017-10-24 22:56:16','2017-10-25 21:38:33'),(123,123,50.00,24.00,50.00,'2017-10-24 23:00:54','2017-10-25 21:38:56'),(124,124,125.00,43.00,125.00,'2017-10-24 23:03:59','2017-10-25 21:39:32'),(125,125,125.00,56.00,125.00,'2017-10-24 23:20:47','2017-10-25 21:39:53'),(126,126,125.00,41.00,125.00,'2017-10-24 23:30:27','2017-10-25 21:41:21'),(127,127,25.00,8.00,25.00,'2017-10-24 23:36:05','2017-10-25 21:41:51'),(128,128,25.00,7.00,25.00,'2017-10-24 23:37:22','2017-10-25 21:42:07'),(129,129,35.00,10.00,35.00,'2017-10-25 00:58:18','2017-10-25 21:42:24'),(130,130,25.00,6.50,25.00,'2017-10-25 01:01:25','2017-10-25 21:42:48'),(131,131,150.00,68.00,150.00,'2017-10-25 15:25:55','2017-10-25 21:43:15'),(132,132,150.00,68.00,150.00,'2017-10-25 15:29:53','2017-10-25 21:43:32'),(133,133,25.00,7.00,25.00,'2017-10-25 15:31:59','2017-10-25 21:44:02'),(134,134,15.00,6.00,15.00,'2017-10-25 15:35:46','2017-10-25 21:45:30'),(135,135,15.00,7.00,15.00,'2017-10-25 15:37:08','2017-10-25 21:45:47'),(136,136,125.00,65.00,125.00,'2017-10-25 15:39:22','2017-10-25 21:46:38'),(137,137,25.00,7.00,25.00,'2017-10-25 15:41:28','2017-10-25 22:12:12'),(138,138,30.00,5.00,30.00,'2017-10-25 16:06:30','2017-10-25 16:06:30'),(139,139,80.00,36.00,80.00,'2017-10-25 16:10:14','2017-10-25 16:10:14'),(140,140,90.00,40.00,90.00,'2017-10-25 16:11:52','2017-10-25 16:11:52'),(141,141,99.00,36.00,99.00,'2017-10-25 16:13:34','2017-10-25 16:13:34'),(142,142,65.00,18.00,65.00,'2017-10-25 16:15:25','2017-10-25 16:15:25'),(143,143,150.00,41.00,150.00,'2017-10-25 16:19:13','2017-10-25 16:19:13'),(144,144,50.00,1.11,50.00,'2017-10-25 17:00:08','2017-10-25 21:13:38'),(145,145,100.00,1.11,100.00,'2017-10-25 17:12:53','2017-10-25 17:12:53'),(146,146,35.00,1.11,35.00,'2017-10-25 19:42:10','2017-10-25 19:42:10'),(147,147,35.00,1.11,35.00,'2017-10-25 19:45:53','2017-10-25 19:45:53'),(148,148,125.00,1.11,125.00,'2017-10-25 19:54:17','2017-10-25 19:54:17'),(149,149,35.00,1.11,35.00,'2017-10-25 19:56:07','2017-10-25 19:56:07'),(150,150,35.00,1.11,35.00,'2017-10-25 19:57:01','2017-10-25 19:57:01'),(151,151,25.00,1.11,25.00,'2017-10-25 19:58:39','2017-10-25 19:58:39'),(152,152,140.00,80.00,140.00,'2017-10-25 21:23:27','2017-10-25 21:23:27'),(153,153,275.00,200.00,275.00,'2017-10-25 21:25:33','2017-10-25 21:25:33'),(154,154,100.00,50.00,100.00,'2017-10-25 21:28:40','2017-10-25 21:28:40'),(155,155,275.00,160.00,275.00,'2017-10-25 21:32:10','2017-10-25 21:32:10'),(156,156,125.00,75.00,125.00,'2017-10-25 21:35:59','2017-10-25 21:35:59'),(157,157,150.00,100.00,150.00,'2017-10-25 22:19:57','2017-10-25 22:19:57'),(158,158,325.00,250.00,325.00,'2017-10-25 22:50:08','2017-10-25 22:50:08'),(159,159,90.00,25.00,90.00,'2017-10-25 22:59:30','2017-10-25 22:59:30'),(160,160,100.00,35.00,100.00,'2017-10-25 23:02:23','2017-10-25 23:02:23'),(161,161,150.00,100.00,150.00,'2017-10-25 23:03:55','2017-10-25 23:03:55'),(162,162,250.00,175.00,250.00,'2017-10-25 23:05:59','2017-10-25 23:05:59'),(163,163,75.00,25.00,75.00,'2017-10-25 23:07:43','2017-10-25 23:07:43'),(164,164,95.00,40.00,95.00,'2017-10-25 23:11:21','2017-10-25 23:11:21'),(165,165,75.00,30.00,75.00,'2017-10-26 00:11:38','2017-10-26 00:11:38'),(166,166,50.00,25.00,50.00,'2017-10-26 00:16:33','2017-10-26 00:16:33'),(167,167,75.00,30.00,75.00,'2017-10-26 00:18:11','2017-10-26 00:18:11'),(168,168,50.00,25.00,50.00,'2017-10-26 00:19:45','2017-10-26 00:19:45'),(169,169,50.00,25.00,50.00,'2017-10-26 00:21:27','2017-10-26 00:21:27'),(170,170,75.00,30.00,75.00,'2017-10-26 00:30:24','2017-10-26 00:30:24'),(171,171,75.00,30.00,75.00,'2017-10-26 00:36:26','2017-10-26 00:36:26'),(172,172,50.00,25.00,50.00,'2017-10-26 00:39:48','2017-10-26 00:39:48'),(173,173,75.00,30.00,75.00,'2017-10-26 00:41:06','2017-10-26 00:41:06'),(174,174,50.00,25.00,50.00,'2017-10-26 00:42:06','2017-10-26 00:42:06'),(175,175,50.00,25.00,50.00,'2017-10-26 00:43:12','2017-10-26 00:43:12'),(176,176,150.00,75.00,150.00,'2017-10-26 00:45:47','2017-10-26 00:45:47'),(177,177,75.00,25.00,75.00,'2017-10-26 00:47:52','2017-10-26 00:47:52'),(178,178,50.00,25.00,50.00,'2017-10-26 00:48:48','2017-10-26 00:48:48'),(179,179,35.00,15.00,35.00,'2017-10-26 00:55:20','2017-10-26 00:55:20'),(180,180,475.00,350.00,475.00,'2017-10-26 00:57:11','2017-10-26 00:57:11');
/*!40000 ALTER TABLE `costs` ENABLE KEYS */;
UNLOCK TABLES;

--
-- Table structure for table `credit_types`
--

DROP TABLE IF EXISTS `credit_types`;
/*!40101 SET @saved_cs_client     = @@character_set_client */;
/*!40101 SET character_set_client = utf8 */;
CREATE TABLE `credit_types` (
  `id` int(10) unsigned NOT NULL AUTO_INCREMENT,
  `description` varchar(255) COLLATE utf8_unicode_ci NOT NULL,
  `term` int(11) NOT NULL,
  `amount` decimal(10,2) NOT NULL,
  `created_at` timestamp NULL DEFAULT NULL,
  `updated_at` timestamp NULL DEFAULT NULL,
  PRIMARY KEY (`id`)
) ENGINE=InnoDB DEFAULT CHARSET=utf8 COLLATE=utf8_unicode_ci;
/*!40101 SET character_set_client = @saved_cs_client */;

--
-- Dumping data for table `credit_types`
--

LOCK TABLES `credit_types` WRITE;
/*!40000 ALTER TABLE `credit_types` DISABLE KEYS */;
/*!40000 ALTER TABLE `credit_types` ENABLE KEYS */;
UNLOCK TABLES;

--
-- Table structure for table `debts`
--

DROP TABLE IF EXISTS `debts`;
/*!40101 SET @saved_cs_client     = @@character_set_client */;
/*!40101 SET character_set_client = utf8 */;
CREATE TABLE `debts` (
  `id` int(10) unsigned NOT NULL AUTO_INCREMENT,
  `provider_id` int(10) unsigned NOT NULL,
  `payment_date` date NOT NULL,
  `amount` decimal(10,2) NOT NULL,
  `status` varchar(1) COLLATE utf8_unicode_ci NOT NULL,
  `created_at` timestamp NULL DEFAULT NULL,
  `updated_at` timestamp NULL DEFAULT NULL,
  PRIMARY KEY (`id`),
  KEY `debts_provider_id_index` (`provider_id`),
  CONSTRAINT `debts_provider_id_foreign` FOREIGN KEY (`provider_id`) REFERENCES `providers` (`id`) ON DELETE CASCADE
) ENGINE=InnoDB DEFAULT CHARSET=utf8 COLLATE=utf8_unicode_ci;
/*!40101 SET character_set_client = @saved_cs_client */;

--
-- Dumping data for table `debts`
--

LOCK TABLES `debts` WRITE;
/*!40000 ALTER TABLE `debts` DISABLE KEYS */;
/*!40000 ALTER TABLE `debts` ENABLE KEYS */;
UNLOCK TABLES;

--
-- Table structure for table `documents`
--

DROP TABLE IF EXISTS `documents`;
/*!40101 SET @saved_cs_client     = @@character_set_client */;
/*!40101 SET character_set_client = utf8 */;
CREATE TABLE `documents` (
  `id` int(10) unsigned NOT NULL AUTO_INCREMENT,
  `description` varchar(200) COLLATE utf8_unicode_ci NOT NULL,
  `output_type` varchar(1) COLLATE utf8_unicode_ci NOT NULL,
  `created_at` timestamp NULL DEFAULT NULL,
  `updated_at` timestamp NULL DEFAULT NULL,
  PRIMARY KEY (`id`)
) ENGINE=InnoDB AUTO_INCREMENT=2 DEFAULT CHARSET=utf8 COLLATE=utf8_unicode_ci;
/*!40101 SET character_set_client = @saved_cs_client */;

--
-- Dumping data for table `documents`
--

LOCK TABLES `documents` WRITE;
/*!40000 ALTER TABLE `documents` DISABLE KEYS */;
INSERT INTO `documents` VALUES (1,'Producto Defectuoso','S','2017-10-24 19:59:21','2017-10-24 19:59:21');
/*!40000 ALTER TABLE `documents` ENABLE KEYS */;
UNLOCK TABLES;

--
-- Table structure for table `documents_cash`
--

DROP TABLE IF EXISTS `documents_cash`;
/*!40101 SET @saved_cs_client     = @@character_set_client */;
/*!40101 SET character_set_client = utf8 */;
CREATE TABLE `documents_cash` (
  `id` int(10) unsigned NOT NULL AUTO_INCREMENT,
  `description` varchar(255) COLLATE utf8_unicode_ci NOT NULL,
  `output_type` varchar(1) COLLATE utf8_unicode_ci NOT NULL,
  `created_at` timestamp NULL DEFAULT NULL,
  `updated_at` timestamp NULL DEFAULT NULL,
  PRIMARY KEY (`id`)
) ENGINE=InnoDB DEFAULT CHARSET=utf8 COLLATE=utf8_unicode_ci;
/*!40101 SET character_set_client = @saved_cs_client */;

--
-- Dumping data for table `documents_cash`
--

LOCK TABLES `documents_cash` WRITE;
/*!40000 ALTER TABLE `documents_cash` DISABLE KEYS */;
/*!40000 ALTER TABLE `documents_cash` ENABLE KEYS */;
UNLOCK TABLES;

--
-- Table structure for table `inventory`
--

DROP TABLE IF EXISTS `inventory`;
/*!40101 SET @saved_cs_client     = @@character_set_client */;
/*!40101 SET character_set_client = utf8 */;
CREATE TABLE `inventory` (
  `id` int(10) unsigned NOT NULL AUTO_INCREMENT,
  `user_id` int(10) unsigned NOT NULL,
  `product_id` int(10) unsigned NOT NULL,
  `cost_id` int(10) unsigned NOT NULL,
  `initial` int(11) NOT NULL,
  `entry` int(11) NOT NULL,
  `output` int(11) NOT NULL,
  `current` int(11) NOT NULL,
  `created_at` timestamp NULL DEFAULT NULL,
  `updated_at` timestamp NULL DEFAULT NULL,
  PRIMARY KEY (`id`),
  KEY `inventory_user_id_index` (`user_id`),
  KEY `inventory_product_id_index` (`product_id`),
  KEY `inventory_cost_id_index` (`cost_id`),
  CONSTRAINT `inventory_cost_id_foreign` FOREIGN KEY (`cost_id`) REFERENCES `costs` (`id`),
  CONSTRAINT `inventory_user_id_foreign` FOREIGN KEY (`user_id`) REFERENCES `users` (`id`)
) ENGINE=InnoDB AUTO_INCREMENT=181 DEFAULT CHARSET=utf8 COLLATE=utf8_unicode_ci;
/*!40101 SET character_set_client = @saved_cs_client */;

--
-- Dumping data for table `inventory`
--

LOCK TABLES `inventory` WRITE;
/*!40000 ALTER TABLE `inventory` DISABLE KEYS */;
INSERT INTO `inventory` VALUES (1,1,1,1,8,0,0,8,'2017-10-23 20:27:24','2017-10-23 20:27:24'),(2,1,2,2,1,0,0,1,'2017-10-23 21:13:34','2017-10-23 21:13:34'),(3,1,3,3,1,0,0,1,'2017-10-23 21:15:07','2017-10-23 21:15:07'),(4,1,4,4,1,0,0,1,'2017-10-23 21:16:12','2017-10-23 21:16:12'),(5,1,5,5,1,0,0,1,'2017-10-23 21:19:40','2017-10-23 21:19:40'),(6,1,6,6,1,0,0,1,'2017-10-23 21:22:26','2017-10-23 21:22:26'),(7,1,7,7,2,0,0,2,'2017-10-23 21:26:01','2017-10-23 21:26:01'),(8,1,8,8,2,0,0,2,'2017-10-23 21:27:47','2017-10-23 21:27:47'),(9,1,9,9,1,0,0,1,'2017-10-23 21:30:17','2017-10-23 21:30:17'),(10,1,10,10,1,0,0,1,'2017-10-23 21:33:46','2017-10-23 21:33:46'),(11,1,11,11,1,0,0,1,'2017-10-23 21:38:29','2017-10-23 21:38:29'),(12,1,12,12,1,0,0,1,'2017-10-23 21:39:56','2017-10-23 21:39:56'),(13,1,13,13,1,0,0,1,'2017-10-23 21:41:19','2017-10-23 21:41:19'),(14,1,14,14,1,0,0,1,'2017-10-23 21:43:35','2017-10-23 21:43:35'),(15,1,15,15,1,0,0,1,'2017-10-23 21:45:34','2017-10-23 21:45:34'),(16,1,16,16,1,0,0,1,'2017-10-23 21:46:45','2017-10-23 21:46:45'),(17,1,17,17,1,0,0,1,'2017-10-23 21:48:08','2017-10-23 21:48:08'),(18,1,18,18,1,0,0,1,'2017-10-23 21:49:29','2017-10-23 21:49:29'),(19,1,19,19,2,0,0,2,'2017-10-23 21:50:56','2017-10-23 21:50:56'),(20,2,20,20,1,0,0,1,'2017-10-23 21:51:04','2017-10-23 21:51:04'),(21,1,21,21,1,0,0,1,'2017-10-23 21:52:07','2017-10-23 21:52:07'),(22,2,22,22,1,0,0,1,'2017-10-23 21:53:12','2017-10-23 21:53:12'),(23,1,23,23,1,0,0,1,'2017-10-23 21:53:29','2017-10-23 21:53:29'),(24,2,24,24,1,0,0,1,'2017-10-23 21:55:39','2017-10-23 21:55:39'),(25,1,25,25,1,0,0,1,'2017-10-23 21:56:37','2017-10-23 21:56:37'),(26,2,26,26,1,0,0,1,'2017-10-23 21:57:49','2017-10-23 21:57:49'),(27,1,27,27,1,0,0,1,'2017-10-23 21:58:02','2017-10-23 21:58:02'),(28,1,28,28,1,0,0,1,'2017-10-23 21:59:17','2017-10-23 21:59:17'),(29,2,29,29,1,0,0,1,'2017-10-23 21:59:54','2017-10-23 21:59:54'),(30,1,30,30,1,0,0,1,'2017-10-23 22:01:15','2017-10-23 22:01:15'),(31,2,31,31,4,0,1,3,'2017-10-23 22:09:38','2017-10-25 21:05:15'),(32,2,32,32,3,0,0,3,'2017-10-23 22:14:56','2017-10-23 22:14:56'),(33,2,33,33,1,0,1,0,'2017-10-23 22:19:22','2017-10-25 21:05:15'),(34,2,34,34,1,0,0,1,'2017-10-23 22:25:46','2017-10-23 22:25:46'),(35,2,35,35,1,0,0,1,'2017-10-23 22:31:53','2017-10-23 22:31:53'),(36,2,36,36,1,0,0,1,'2017-10-23 22:33:28','2017-10-23 22:33:28'),(37,1,37,37,1,0,0,1,'2017-10-23 22:48:20','2017-10-23 22:48:20'),(38,1,38,38,2,0,0,2,'2017-10-23 22:50:19','2017-10-23 22:50:19'),(39,1,39,39,1,0,0,1,'2017-10-23 22:51:29','2017-10-23 22:51:29'),(40,1,40,40,1,0,0,1,'2017-10-23 22:52:21','2017-10-23 22:52:21'),(41,1,41,41,1,0,0,1,'2017-10-23 22:53:27','2017-10-23 22:53:27'),(42,1,42,42,1,0,0,1,'2017-10-23 22:54:09','2017-10-23 22:54:09'),(43,1,43,43,1,0,0,1,'2017-10-23 22:56:03','2017-10-23 22:56:03'),(44,1,44,44,1,0,0,1,'2017-10-23 23:00:26','2017-10-23 23:00:26'),(45,1,45,45,1,0,0,1,'2017-10-23 23:01:43','2017-10-23 23:01:43'),(46,2,46,46,2,0,0,2,'2017-10-23 23:02:03','2017-10-23 23:02:03'),(47,1,47,47,1,0,0,1,'2017-10-23 23:04:06','2017-10-23 23:04:06'),(48,1,48,48,1,0,0,1,'2017-10-23 23:05:09','2017-10-23 23:05:09'),(49,1,49,49,1,0,0,1,'2017-10-23 23:05:59','2017-10-23 23:05:59'),(50,1,50,50,2,0,0,2,'2017-10-23 23:07:39','2017-10-23 23:07:39'),(51,1,51,51,1,0,0,1,'2017-10-23 23:09:15','2017-10-23 23:09:15'),(52,1,52,52,1,0,0,1,'2017-10-23 23:10:41','2017-10-23 23:10:41'),(53,1,53,53,1,0,0,1,'2017-10-23 23:11:42','2017-10-23 23:11:42'),(54,1,54,54,1,0,0,1,'2017-10-23 23:12:26','2017-10-23 23:12:26'),(55,2,55,55,1,0,0,1,'2017-10-23 23:13:17','2017-10-23 23:13:17'),(56,1,56,56,2,0,0,2,'2017-10-23 23:13:18','2017-10-23 23:13:18'),(57,1,57,57,2,0,0,2,'2017-10-23 23:14:12','2017-10-23 23:14:12'),(58,1,58,58,3,0,0,3,'2017-10-23 23:28:07','2017-10-23 23:28:07'),(59,1,59,59,5,0,0,5,'2017-10-23 23:30:18','2017-10-23 23:30:18'),(60,2,60,60,1,0,0,1,'2017-10-23 23:30:52','2017-10-23 23:30:52'),(61,1,61,61,3,0,0,3,'2017-10-23 23:33:58','2017-10-23 23:33:58'),(62,1,62,62,5,0,0,5,'2017-10-23 23:41:35','2017-10-23 23:41:35'),(63,1,63,63,8,0,0,8,'2017-10-23 23:44:29','2017-10-23 23:44:29'),(64,1,64,64,2,0,0,2,'2017-10-23 23:47:47','2017-10-23 23:47:47'),(65,1,65,65,2,0,0,2,'2017-10-23 23:49:41','2017-10-23 23:49:41'),(66,2,66,66,1,0,0,1,'2017-10-23 23:50:26','2017-10-23 23:50:26'),(67,1,67,67,5,0,0,5,'2017-10-23 23:51:40','2017-10-23 23:51:40'),(68,1,68,68,2,0,0,2,'2017-10-23 23:54:15','2017-10-23 23:54:15'),(69,1,69,69,3,0,0,3,'2017-10-23 23:55:47','2017-10-23 23:55:47'),(70,1,70,70,7,0,0,7,'2017-10-23 23:58:34','2017-10-23 23:58:34'),(71,2,71,71,1,0,0,1,'2017-10-23 23:58:41','2017-10-23 23:58:41'),(72,1,72,72,1,0,0,1,'2017-10-23 23:59:29','2017-10-23 23:59:29'),(73,1,73,73,4,0,0,4,'2017-10-24 00:04:22','2017-10-24 00:04:22'),(74,1,74,74,1,0,0,1,'2017-10-24 00:06:57','2017-10-24 00:06:57'),(75,1,75,75,1,0,0,1,'2017-10-24 00:09:40','2017-10-24 00:09:40'),(76,2,76,76,3,0,0,3,'2017-10-24 00:12:51','2017-10-24 00:12:51'),(77,1,77,77,2,0,0,2,'2017-10-24 00:13:16','2017-10-24 00:13:16'),(78,2,78,78,6,0,0,6,'2017-10-24 00:14:27','2017-10-24 00:14:27'),(79,2,79,79,5,0,0,5,'2017-10-24 00:16:17','2017-10-24 00:16:17'),(80,1,80,80,2,0,0,2,'2017-10-24 00:17:13','2017-10-24 00:17:13'),(81,1,81,81,3,0,0,3,'2017-10-24 00:26:15','2017-10-24 00:26:15'),(82,1,82,82,1,0,0,1,'2017-10-24 00:28:27','2017-10-24 00:28:27'),(83,1,83,83,12,0,0,12,'2017-10-24 00:29:56','2017-10-24 00:29:56'),(84,2,84,84,4,0,0,4,'2017-10-24 00:30:03','2017-10-24 00:30:03'),(85,1,85,85,2,0,1,1,'2017-10-24 00:31:09','2017-10-25 17:35:55'),(86,2,86,86,4,0,0,4,'2017-10-24 00:38:41','2017-10-24 00:38:41'),(87,1,87,87,23,0,0,23,'2017-10-24 00:40:21','2017-10-24 00:40:21'),(88,1,88,88,3,0,0,3,'2017-10-24 00:44:17','2017-10-24 00:44:17'),(89,1,89,89,4,0,0,4,'2017-10-24 00:46:03','2017-10-24 00:46:03'),(90,1,90,90,2,0,0,2,'2017-10-24 00:49:06','2017-10-24 00:49:06'),(91,2,91,91,4,0,0,4,'2017-10-24 00:51:53','2017-10-24 00:51:53'),(92,2,92,92,4,0,0,4,'2017-10-24 00:53:37','2017-10-24 00:53:37'),(93,1,93,93,5,0,1,4,'2017-10-24 01:07:35','2017-10-24 20:15:23'),(94,1,94,94,1,0,0,1,'2017-10-24 01:09:52','2017-10-24 01:09:52'),(95,2,95,95,8,0,0,8,'2017-10-24 01:10:53','2017-10-24 01:10:53'),(96,1,96,96,1,0,0,1,'2017-10-24 01:11:09','2017-10-24 01:11:09'),(97,1,97,97,6,0,0,6,'2017-10-24 01:12:13','2017-10-24 01:12:13'),(98,1,98,98,2,0,0,2,'2017-10-24 01:13:28','2017-10-24 01:13:28'),(99,1,99,99,11,0,0,11,'2017-10-24 16:22:14','2017-10-24 16:22:14'),(100,2,100,100,8,0,0,8,'2017-10-24 16:29:59','2017-10-24 16:29:59'),(101,2,101,101,3,0,0,3,'2017-10-24 16:31:38','2017-10-24 16:31:38'),(102,2,102,102,9,0,0,9,'2017-10-24 16:37:49','2017-10-24 16:37:49'),(103,1,103,103,1,0,0,1,'2017-10-24 16:42:04','2017-10-24 16:42:04'),(104,2,104,104,3,0,0,3,'2017-10-24 16:43:25','2017-10-24 16:43:25'),(105,1,105,105,3,0,0,3,'2017-10-24 16:43:38','2017-10-24 16:43:38'),(106,1,106,106,3,0,0,3,'2017-10-24 16:44:49','2017-10-24 16:44:49'),(107,2,107,107,1,0,0,1,'2017-10-24 16:45:06','2017-10-24 16:45:06'),(108,2,108,108,12,0,0,12,'2017-10-24 16:48:43','2017-10-24 16:48:43'),(109,2,109,109,5,0,0,5,'2017-10-24 16:52:18','2017-10-24 16:52:18'),(110,2,110,110,2,0,0,2,'2017-10-24 16:53:35','2017-10-24 16:53:35'),(111,1,111,111,4,0,0,4,'2017-10-24 16:55:08','2017-10-24 16:55:08'),(112,1,112,112,3,0,0,3,'2017-10-24 16:56:25','2017-10-24 16:56:25'),(113,1,113,113,4,0,0,4,'2017-10-24 16:57:22','2017-10-24 16:57:22'),(114,2,114,114,5,0,0,5,'2017-10-24 16:57:50','2017-10-24 16:57:50'),(115,2,115,115,3,0,1,2,'2017-10-24 17:03:29','2017-10-25 22:51:07'),(116,1,116,116,1,0,0,1,'2017-10-24 17:04:12','2017-10-24 17:04:12'),(117,1,117,117,1,0,0,1,'2017-10-24 17:05:32','2017-10-24 17:05:32'),(118,2,118,118,6,0,0,6,'2017-10-24 17:07:41','2017-10-24 17:07:41'),(119,2,119,119,10,0,0,10,'2017-10-24 17:12:20','2017-10-24 17:12:20'),(120,1,120,120,3,0,0,3,'2017-10-24 22:52:30','2017-10-24 22:52:30'),(121,1,121,121,2,0,0,2,'2017-10-24 22:53:21','2017-10-24 22:53:21'),(122,1,122,122,5,0,0,5,'2017-10-24 22:56:16','2017-10-24 22:56:16'),(123,1,123,123,3,0,0,3,'2017-10-24 23:00:54','2017-10-24 23:00:54'),(124,1,124,124,3,0,0,3,'2017-10-24 23:03:59','2017-10-24 23:03:59'),(125,1,125,125,3,0,0,3,'2017-10-24 23:20:47','2017-10-24 23:20:47'),(126,1,126,126,2,0,0,2,'2017-10-24 23:30:27','2017-10-24 23:30:27'),(127,1,127,127,6,0,0,6,'2017-10-24 23:36:06','2017-10-24 23:36:06'),(128,1,128,128,2,0,0,2,'2017-10-24 23:37:23','2017-10-24 23:37:23'),(129,1,129,129,2,0,0,2,'2017-10-25 00:58:19','2017-10-25 00:58:19'),(130,1,130,130,7,0,0,7,'2017-10-25 01:01:25','2017-10-25 01:01:25'),(131,1,131,131,3,0,0,3,'2017-10-25 15:25:56','2017-10-25 15:25:56'),(132,1,132,132,2,0,0,2,'2017-10-25 15:29:54','2017-10-25 15:29:54'),(133,1,133,133,1,0,0,1,'2017-10-25 15:32:00','2017-10-25 15:32:00'),(134,1,134,134,1,0,0,1,'2017-10-25 15:35:46','2017-10-25 15:35:46'),(135,1,135,135,1,0,0,1,'2017-10-25 15:37:09','2017-10-25 15:37:09'),(136,1,136,136,3,0,0,3,'2017-10-25 15:39:23','2017-10-25 15:39:23'),(137,1,137,137,6,0,0,6,'2017-10-25 15:41:28','2017-10-25 15:41:28'),(138,2,138,138,3,0,0,3,'2017-10-25 16:06:30','2017-10-25 16:06:30'),(139,2,139,139,2,0,0,2,'2017-10-25 16:10:14','2017-10-25 16:10:14'),(140,2,140,140,2,0,0,2,'2017-10-25 16:11:52','2017-10-25 16:11:52'),(141,2,141,141,2,0,0,2,'2017-10-25 16:13:34','2017-10-25 16:13:34'),(142,2,142,142,1,0,0,1,'2017-10-25 16:15:25','2017-10-25 16:15:25'),(143,2,143,143,1,0,0,1,'2017-10-25 16:19:13','2017-10-25 16:19:13'),(144,2,144,144,3,0,0,3,'2017-10-25 17:00:08','2017-10-25 17:00:08'),(145,2,145,145,3,0,0,3,'2017-10-25 17:12:53','2017-10-25 17:12:53'),(146,1,146,146,5,0,0,5,'2017-10-25 19:42:10','2017-10-25 19:42:10'),(147,1,147,147,6,0,0,6,'2017-10-25 19:45:53','2017-10-25 19:45:53'),(148,1,148,148,4,0,0,4,'2017-10-25 19:54:17','2017-10-25 19:54:17'),(149,1,149,149,8,0,0,8,'2017-10-25 19:56:07','2017-10-25 19:56:07'),(150,1,150,150,9,0,0,9,'2017-10-25 19:57:01','2017-10-25 19:57:01'),(151,1,151,151,1,0,0,1,'2017-10-25 19:58:39','2017-10-25 19:58:39'),(152,2,152,152,3,0,0,3,'2017-10-25 21:23:27','2017-10-25 21:23:27'),(153,2,153,153,2,0,0,2,'2017-10-25 21:25:33','2017-10-25 21:25:33'),(154,2,154,154,1,0,0,1,'2017-10-25 21:28:40','2017-10-25 21:28:40'),(155,2,155,155,1,0,0,1,'2017-10-25 21:32:11','2017-10-25 21:32:11'),(156,2,156,156,1,0,0,1,'2017-10-25 21:35:59','2017-10-25 21:35:59'),(157,2,157,157,1,0,0,1,'2017-10-25 22:19:57','2017-10-25 22:19:57'),(158,2,158,158,3,0,0,3,'2017-10-25 22:50:08','2017-10-25 22:50:08'),(159,2,159,159,2,0,0,2,'2017-10-25 22:59:30','2017-10-25 22:59:30'),(160,2,160,160,2,0,0,2,'2017-10-25 23:02:23','2017-10-25 23:02:23'),(161,2,161,161,2,0,0,2,'2017-10-25 23:03:55','2017-10-25 23:03:55'),(162,2,162,162,2,0,0,2,'2017-10-25 23:06:00','2017-10-25 23:06:00'),(163,2,163,163,3,0,0,3,'2017-10-25 23:07:43','2017-10-25 23:07:43'),(164,2,164,164,1,0,0,1,'2017-10-25 23:11:21','2017-10-25 23:11:21'),(165,2,165,165,1,0,0,1,'2017-10-26 00:11:38','2017-10-26 00:11:38'),(166,2,166,166,1,0,0,1,'2017-10-26 00:16:33','2017-10-26 00:16:33'),(167,2,167,167,1,0,0,1,'2017-10-26 00:18:12','2017-10-26 00:18:12'),(168,2,168,168,1,0,0,1,'2017-10-26 00:19:45','2017-10-26 00:19:45'),(169,2,169,169,1,0,0,1,'2017-10-26 00:21:27','2017-10-26 00:21:27'),(170,2,170,170,1,0,0,1,'2017-10-26 00:30:24','2017-10-26 00:30:24'),(171,2,171,171,2,0,0,2,'2017-10-26 00:36:27','2017-10-26 00:36:27'),(172,2,172,172,1,0,0,1,'2017-10-26 00:39:48','2017-10-26 00:39:48'),(173,2,173,173,1,0,0,1,'2017-10-26 00:41:06','2017-10-26 00:41:06'),(174,2,174,174,1,0,0,1,'2017-10-26 00:42:06','2017-10-26 00:42:06'),(175,2,175,175,1,0,0,1,'2017-10-26 00:43:12','2017-10-26 00:43:12'),(176,2,176,176,1,0,0,1,'2017-10-26 00:45:47','2017-10-26 00:45:47'),(177,2,177,177,1,0,0,1,'2017-10-26 00:47:52','2017-10-26 00:47:52'),(178,2,178,178,1,0,0,1,'2017-10-26 00:48:48','2017-10-26 00:48:48'),(179,2,179,179,1,0,0,1,'2017-10-26 00:55:20','2017-10-26 00:55:20'),(180,2,180,180,1,0,0,1,'2017-10-26 00:57:11','2017-10-26 00:57:11');
/*!40000 ALTER TABLE `inventory` ENABLE KEYS */;
UNLOCK TABLES;

--
-- Table structure for table `invoice_details`
--

DROP TABLE IF EXISTS `invoice_details`;
/*!40101 SET @saved_cs_client     = @@character_set_client */;
/*!40101 SET character_set_client = utf8 */;
CREATE TABLE `invoice_details` (
  `id` int(10) unsigned NOT NULL AUTO_INCREMENT,
  `invoice_id` int(10) unsigned NOT NULL,
  `product_id` int(10) unsigned NOT NULL,
  `cost_id` int(10) unsigned NOT NULL,
  `quantity` int(11) NOT NULL,
  `unit_price` decimal(10,2) NOT NULL,
  `unit_cost` decimal(10,2) NOT NULL,
  `sub_total` decimal(10,2) NOT NULL,
  `created_at` timestamp NULL DEFAULT NULL,
  `updated_at` timestamp NULL DEFAULT NULL,
  PRIMARY KEY (`id`),
  KEY `invoice_details_invoice_id_index` (`invoice_id`),
  KEY `invoice_details_product_id_index` (`product_id`),
  KEY `invoice_details_cost_id_index` (`cost_id`),
  CONSTRAINT `invoice_details_cost_id_foreign` FOREIGN KEY (`cost_id`) REFERENCES `costs` (`id`) ON DELETE CASCADE,
  CONSTRAINT `invoice_details_invoice_id_foreign` FOREIGN KEY (`invoice_id`) REFERENCES `invoices` (`id`) ON DELETE CASCADE,
  CONSTRAINT `invoice_details_product_id_foreign` FOREIGN KEY (`product_id`) REFERENCES `products` (`id`) ON DELETE CASCADE
) ENGINE=InnoDB AUTO_INCREMENT=6 DEFAULT CHARSET=utf8 COLLATE=utf8_unicode_ci;
/*!40101 SET character_set_client = @saved_cs_client */;

--
-- Dumping data for table `invoice_details`
--

LOCK TABLES `invoice_details` WRITE;
/*!40000 ALTER TABLE `invoice_details` DISABLE KEYS */;
INSERT INTO `invoice_details` VALUES (1,1,93,93,1,125.00,68.00,125.00,'2017-10-24 20:15:23','2017-10-24 20:15:23'),(2,2,85,85,1,275.00,200.00,275.00,'2017-10-25 17:35:55','2017-10-25 17:35:55'),(3,3,31,31,1,299.00,110.00,299.00,'2017-10-25 21:05:14','2017-10-25 21:05:14'),(4,3,33,33,1,190.00,98.00,190.00,'2017-10-25 21:05:15','2017-10-25 21:05:15'),(5,4,115,115,1,15.00,4.00,15.00,'2017-10-25 22:51:06','2017-10-25 22:51:06');
/*!40000 ALTER TABLE `invoice_details` ENABLE KEYS */;
UNLOCK TABLES;

--
-- Table structure for table `invoices`
--

DROP TABLE IF EXISTS `invoices`;
/*!40101 SET @saved_cs_client     = @@character_set_client */;
/*!40101 SET character_set_client = utf8 */;
CREATE TABLE `invoices` (
  `id` int(10) unsigned NOT NULL AUTO_INCREMENT,
  `user_id` int(10) unsigned NOT NULL,
  `client_id` int(10) unsigned NOT NULL,
  `nit` varchar(20) COLLATE utf8_unicode_ci NOT NULL,
  `description` varchar(255) COLLATE utf8_unicode_ci NOT NULL,
  `discount` decimal(10,2) NOT NULL,
  `surcharge` decimal(10,2) NOT NULL,
  `total` decimal(10,2) NOT NULL,
  `created_at` timestamp NULL DEFAULT NULL,
  `updated_at` timestamp NULL DEFAULT NULL,
  PRIMARY KEY (`id`),
  KEY `invoices_user_id_index` (`user_id`),
  KEY `invoices_client_id_index` (`client_id`),
  CONSTRAINT `invoices_client_id_foreign` FOREIGN KEY (`client_id`) REFERENCES `clients` (`id`) ON DELETE CASCADE,
  CONSTRAINT `invoices_user_id_foreign` FOREIGN KEY (`user_id`) REFERENCES `users` (`id`) ON DELETE CASCADE
) ENGINE=InnoDB AUTO_INCREMENT=5 DEFAULT CHARSET=utf8 COLLATE=utf8_unicode_ci;
/*!40101 SET character_set_client = @saved_cs_client */;

--
-- Dumping data for table `invoices`
--

LOCK TABLES `invoices` WRITE;
/*!40000 ALTER TABLE `invoices` DISABLE KEYS */;
INSERT INTO `invoices` VALUES (1,1,1,'CF','',25.00,0.00,125.00,'2017-10-24 20:15:22','2017-10-24 20:15:23'),(2,1,1,'CF','',25.00,0.00,275.00,'2017-10-25 17:35:54','2017-10-25 17:35:55'),(3,2,1,'CF','',29.00,0.00,489.00,'2017-10-25 21:05:14','2017-10-25 21:05:15'),(4,2,1,'CF','',0.00,0.00,15.00,'2017-10-25 22:51:06','2017-10-25 22:51:07');
/*!40000 ALTER TABLE `invoices` ENABLE KEYS */;
UNLOCK TABLES;

--
-- Table structure for table `migrations`
--

DROP TABLE IF EXISTS `migrations`;
/*!40101 SET @saved_cs_client     = @@character_set_client */;
/*!40101 SET character_set_client = utf8 */;
CREATE TABLE `migrations` (
  `id` int(10) unsigned NOT NULL AUTO_INCREMENT,
  `migration` varchar(255) COLLATE utf8_unicode_ci NOT NULL,
  `batch` int(11) NOT NULL,
  PRIMARY KEY (`id`)
) ENGINE=InnoDB DEFAULT CHARSET=utf8 COLLATE=utf8_unicode_ci;
/*!40101 SET character_set_client = @saved_cs_client */;

--
-- Dumping data for table `migrations`
--

LOCK TABLES `migrations` WRITE;
/*!40000 ALTER TABLE `migrations` DISABLE KEYS */;
/*!40000 ALTER TABLE `migrations` ENABLE KEYS */;
UNLOCK TABLES;

--
-- Table structure for table `movement_details`
--

DROP TABLE IF EXISTS `movement_details`;
/*!40101 SET @saved_cs_client     = @@character_set_client */;
/*!40101 SET character_set_client = utf8 */;
CREATE TABLE `movement_details` (
  `id` int(10) unsigned NOT NULL AUTO_INCREMENT,
  `user_id` int(10) unsigned NOT NULL,
  `movement_id` int(10) unsigned NOT NULL,
  `document_id` int(10) unsigned NOT NULL,
  `product_id` int(10) unsigned NOT NULL,
  `cost_id` int(10) unsigned NOT NULL,
  `quantity` int(11) NOT NULL,
  `price` decimal(10,2) NOT NULL,
  `cost` decimal(10,2) NOT NULL,
  `created_at` timestamp NULL DEFAULT NULL,
  `updated_at` timestamp NULL DEFAULT NULL,
  PRIMARY KEY (`id`),
  KEY `movement_details_user_id_index` (`user_id`),
  KEY `movement_details_movement_id_index` (`movement_id`),
  KEY `movement_details_document_id_index` (`document_id`),
  KEY `movement_details_product_id_index` (`product_id`),
  KEY `movement_details_cost_id_index` (`cost_id`),
  CONSTRAINT `movement_details_cost_id_foreign` FOREIGN KEY (`cost_id`) REFERENCES `costs` (`id`) ON DELETE CASCADE,
  CONSTRAINT `movement_details_document_id_foreign` FOREIGN KEY (`document_id`) REFERENCES `documents` (`id`) ON DELETE CASCADE,
  CONSTRAINT `movement_details_movement_id_foreign` FOREIGN KEY (`movement_id`) REFERENCES `movements` (`id`) ON DELETE CASCADE,
  CONSTRAINT `movement_details_product_id_foreign` FOREIGN KEY (`product_id`) REFERENCES `products` (`id`) ON DELETE CASCADE,
  CONSTRAINT `movement_details_user_id_foreign` FOREIGN KEY (`user_id`) REFERENCES `users` (`id`) ON DELETE CASCADE
) ENGINE=InnoDB DEFAULT CHARSET=utf8 COLLATE=utf8_unicode_ci;
/*!40101 SET character_set_client = @saved_cs_client */;

--
-- Dumping data for table `movement_details`
--

LOCK TABLES `movement_details` WRITE;
/*!40000 ALTER TABLE `movement_details` DISABLE KEYS */;
/*!40000 ALTER TABLE `movement_details` ENABLE KEYS */;
UNLOCK TABLES;

--
-- Table structure for table `movements`
--

DROP TABLE IF EXISTS `movements`;
/*!40101 SET @saved_cs_client     = @@character_set_client */;
/*!40101 SET character_set_client = utf8 */;
CREATE TABLE `movements` (
  `id` int(10) unsigned NOT NULL AUTO_INCREMENT,
  `document_id` int(10) unsigned NOT NULL,
  `invoice_number` varchar(40) COLLATE utf8_unicode_ci NOT NULL,
  `user_id` int(10) unsigned NOT NULL,
  `total` decimal(10,2) NOT NULL,
  `created_at` timestamp NULL DEFAULT NULL,
  `updated_at` timestamp NULL DEFAULT NULL,
  PRIMARY KEY (`id`),
  KEY `movements_document_id_index` (`document_id`),
  KEY `movements_user_id_index` (`user_id`),
  CONSTRAINT `movements_document_id_foreign` FOREIGN KEY (`document_id`) REFERENCES `documents` (`id`) ON DELETE CASCADE,
  CONSTRAINT `movements_user_id_foreign` FOREIGN KEY (`user_id`) REFERENCES `users` (`id`) ON DELETE CASCADE
) ENGINE=InnoDB DEFAULT CHARSET=utf8 COLLATE=utf8_unicode_ci;
/*!40101 SET character_set_client = @saved_cs_client */;

--
-- Dumping data for table `movements`
--

LOCK TABLES `movements` WRITE;
/*!40000 ALTER TABLE `movements` DISABLE KEYS */;
/*!40000 ALTER TABLE `movements` ENABLE KEYS */;
UNLOCK TABLES;

--
-- Table structure for table `movements_cash`
--

DROP TABLE IF EXISTS `movements_cash`;
/*!40101 SET @saved_cs_client     = @@character_set_client */;
/*!40101 SET character_set_client = utf8 */;
CREATE TABLE `movements_cash` (
  `id` int(10) unsigned NOT NULL AUTO_INCREMENT,
  `document_cash_id` int(10) unsigned NOT NULL,
  `description` varchar(255) COLLATE utf8_unicode_ci NOT NULL,
  `amount` decimal(10,2) NOT NULL,
  `created_at` timestamp NULL DEFAULT NULL,
  `updated_at` timestamp NULL DEFAULT NULL,
  PRIMARY KEY (`id`),
  KEY `movements_cash_document_cash_id_index` (`document_cash_id`),
  CONSTRAINT `movements_cash_document_cash_id_foreign` FOREIGN KEY (`document_cash_id`) REFERENCES `documents_cash` (`id`) ON DELETE CASCADE
) ENGINE=InnoDB DEFAULT CHARSET=utf8 COLLATE=utf8_unicode_ci;
/*!40101 SET character_set_client = @saved_cs_client */;

--
-- Dumping data for table `movements_cash`
--

LOCK TABLES `movements_cash` WRITE;
/*!40000 ALTER TABLE `movements_cash` DISABLE KEYS */;
/*!40000 ALTER TABLE `movements_cash` ENABLE KEYS */;
UNLOCK TABLES;

--
-- Table structure for table `password_resets`
--

DROP TABLE IF EXISTS `password_resets`;
/*!40101 SET @saved_cs_client     = @@character_set_client */;
/*!40101 SET character_set_client = utf8 */;
CREATE TABLE `password_resets` (
  `email` varchar(255) COLLATE utf8_unicode_ci NOT NULL,
  `token` varchar(255) COLLATE utf8_unicode_ci NOT NULL,
  `created_at` timestamp NULL DEFAULT NULL,
  KEY `password_resets_email_index` (`email`),
  KEY `password_resets_token_index` (`token`)
) ENGINE=InnoDB DEFAULT CHARSET=utf8 COLLATE=utf8_unicode_ci;
/*!40101 SET character_set_client = @saved_cs_client */;

--
-- Dumping data for table `password_resets`
--

LOCK TABLES `password_resets` WRITE;
/*!40000 ALTER TABLE `password_resets` DISABLE KEYS */;
/*!40000 ALTER TABLE `password_resets` ENABLE KEYS */;
UNLOCK TABLES;

--
-- Table structure for table `payment_methods`
--

DROP TABLE IF EXISTS `payment_methods`;
/*!40101 SET @saved_cs_client     = @@character_set_client */;
/*!40101 SET character_set_client = utf8 */;
CREATE TABLE `payment_methods` (
  `id` int(10) unsigned NOT NULL AUTO_INCREMENT,
  `invoice_id` int(10) unsigned NOT NULL,
  `description` varchar(255) COLLATE utf8_unicode_ci NOT NULL,
  `amount` decimal(10,2) NOT NULL,
  `created_at` timestamp NULL DEFAULT NULL,
  `updated_at` timestamp NULL DEFAULT NULL,
  PRIMARY KEY (`id`),
  KEY `payment_methods_invoice_id_index` (`invoice_id`),
  CONSTRAINT `payment_methods_invoice_id_foreign` FOREIGN KEY (`invoice_id`) REFERENCES `invoices` (`id`) ON DELETE CASCADE
) ENGINE=InnoDB AUTO_INCREMENT=5 DEFAULT CHARSET=utf8 COLLATE=utf8_unicode_ci;
/*!40101 SET character_set_client = @saved_cs_client */;

--
-- Dumping data for table `payment_methods`
--

LOCK TABLES `payment_methods` WRITE;
/*!40000 ALTER TABLE `payment_methods` DISABLE KEYS */;
INSERT INTO `payment_methods` VALUES (1,1,'Cheque',100.00,'2017-10-24 20:15:23','2017-10-24 20:15:23'),(2,2,'Efectivo',250.00,'2017-10-25 17:35:55','2017-10-25 17:35:55'),(3,3,'Efectivo',460.00,'2017-10-25 21:05:14','2017-10-25 21:05:14'),(4,4,'Efectivo',15.00,'2017-10-25 22:51:06','2017-10-25 22:51:06');
/*!40000 ALTER TABLE `payment_methods` ENABLE KEYS */;
UNLOCK TABLES;

--
-- Table structure for table `permission_role`
--

DROP TABLE IF EXISTS `permission_role`;
/*!40101 SET @saved_cs_client     = @@character_set_client */;
/*!40101 SET character_set_client = utf8 */;
CREATE TABLE `permission_role` (
  `id` int(10) unsigned NOT NULL AUTO_INCREMENT,
  `permission_id` int(10) unsigned NOT NULL,
  `role_id` int(10) unsigned NOT NULL,
  `created_at` timestamp NULL DEFAULT NULL,
  `updated_at` timestamp NULL DEFAULT NULL,
  PRIMARY KEY (`id`),
  KEY `permission_role_permission_id_index` (`permission_id`),
  KEY `permission_role_role_id_index` (`role_id`),
  CONSTRAINT `permission_role_permission_id_foreign` FOREIGN KEY (`permission_id`) REFERENCES `permissions` (`id`) ON DELETE CASCADE,
  CONSTRAINT `permission_role_role_id_foreign` FOREIGN KEY (`role_id`) REFERENCES `roles` (`id`) ON DELETE CASCADE
) ENGINE=InnoDB DEFAULT CHARSET=utf8 COLLATE=utf8_unicode_ci;
/*!40101 SET character_set_client = @saved_cs_client */;

--
-- Dumping data for table `permission_role`
--

LOCK TABLES `permission_role` WRITE;
/*!40000 ALTER TABLE `permission_role` DISABLE KEYS */;
/*!40000 ALTER TABLE `permission_role` ENABLE KEYS */;
UNLOCK TABLES;

--
-- Table structure for table `permission_user`
--

DROP TABLE IF EXISTS `permission_user`;
/*!40101 SET @saved_cs_client     = @@character_set_client */;
/*!40101 SET character_set_client = utf8 */;
CREATE TABLE `permission_user` (
  `id` int(10) unsigned NOT NULL AUTO_INCREMENT,
  `permission_id` int(10) unsigned NOT NULL,
  `user_id` int(10) unsigned NOT NULL,
  `created_at` timestamp NULL DEFAULT NULL,
  `updated_at` timestamp NULL DEFAULT NULL,
  PRIMARY KEY (`id`),
  KEY `permission_user_permission_id_index` (`permission_id`),
  KEY `permission_user_user_id_index` (`user_id`),
  CONSTRAINT `permission_user_permission_id_foreign` FOREIGN KEY (`permission_id`) REFERENCES `permissions` (`id`) ON DELETE CASCADE,
  CONSTRAINT `permission_user_user_id_foreign` FOREIGN KEY (`user_id`) REFERENCES `users` (`id`) ON DELETE CASCADE
) ENGINE=InnoDB DEFAULT CHARSET=utf8 COLLATE=utf8_unicode_ci;
/*!40101 SET character_set_client = @saved_cs_client */;

--
-- Dumping data for table `permission_user`
--

LOCK TABLES `permission_user` WRITE;
/*!40000 ALTER TABLE `permission_user` DISABLE KEYS */;
/*!40000 ALTER TABLE `permission_user` ENABLE KEYS */;
UNLOCK TABLES;

--
-- Table structure for table `permissions`
--

DROP TABLE IF EXISTS `permissions`;
/*!40101 SET @saved_cs_client     = @@character_set_client */;
/*!40101 SET character_set_client = utf8 */;
CREATE TABLE `permissions` (
  `id` int(10) unsigned NOT NULL AUTO_INCREMENT,
  `name` varchar(255) COLLATE utf8_unicode_ci NOT NULL,
  `slug` varchar(255) COLLATE utf8_unicode_ci NOT NULL,
  `description` varchar(255) COLLATE utf8_unicode_ci DEFAULT NULL,
  `model` varchar(255) COLLATE utf8_unicode_ci DEFAULT NULL,
  `created_at` timestamp NULL DEFAULT NULL,
  `updated_at` timestamp NULL DEFAULT NULL,
  PRIMARY KEY (`id`),
  UNIQUE KEY `permissions_slug_unique` (`slug`)
) ENGINE=InnoDB DEFAULT CHARSET=utf8 COLLATE=utf8_unicode_ci;
/*!40101 SET character_set_client = @saved_cs_client */;

--
-- Dumping data for table `permissions`
--

LOCK TABLES `permissions` WRITE;
/*!40000 ALTER TABLE `permissions` DISABLE KEYS */;
/*!40000 ALTER TABLE `permissions` ENABLE KEYS */;
UNLOCK TABLES;

--
-- Table structure for table `product_category`
--

DROP TABLE IF EXISTS `product_category`;
/*!40101 SET @saved_cs_client     = @@character_set_client */;
/*!40101 SET character_set_client = utf8 */;
CREATE TABLE `product_category` (
  `id` int(10) unsigned NOT NULL AUTO_INCREMENT,
  `product_id` int(10) unsigned NOT NULL,
  `category_id` int(10) unsigned NOT NULL,
  `created_at` timestamp NULL DEFAULT NULL,
  `updated_at` timestamp NULL DEFAULT NULL,
  PRIMARY KEY (`id`),
  KEY `product_category_product_id_index` (`product_id`),
  KEY `product_category_category_id_index` (`category_id`),
  CONSTRAINT `product_category_category_id_foreign` FOREIGN KEY (`category_id`) REFERENCES `categories` (`id`) ON DELETE CASCADE,
  CONSTRAINT `product_category_product_id_foreign` FOREIGN KEY (`product_id`) REFERENCES `products` (`id`) ON DELETE CASCADE
) ENGINE=InnoDB AUTO_INCREMENT=197 DEFAULT CHARSET=utf8 COLLATE=utf8_unicode_ci;
/*!40101 SET character_set_client = @saved_cs_client */;

--
-- Dumping data for table `product_category`
--

LOCK TABLES `product_category` WRITE;
/*!40000 ALTER TABLE `product_category` DISABLE KEYS */;
INSERT INTO `product_category` VALUES (1,1,2,'2017-10-23 20:27:24','2017-10-23 20:27:24'),(2,2,1,'2017-10-23 21:13:35','2017-10-23 21:13:35'),(3,3,8,'2017-10-23 21:15:07','2017-10-23 21:15:07'),(4,4,8,'2017-10-23 21:16:12','2017-10-23 21:16:12'),(5,5,6,'2017-10-23 21:19:40','2017-10-23 21:19:40'),(6,6,6,'2017-10-23 21:22:26','2017-10-23 21:22:26'),(7,7,6,'2017-10-23 21:26:01','2017-10-23 21:26:01'),(8,8,6,'2017-10-23 21:27:48','2017-10-23 21:27:48'),(9,9,6,'2017-10-23 21:30:17','2017-10-23 21:30:17'),(10,10,6,'2017-10-23 21:33:46','2017-10-23 21:33:46'),(11,11,6,'2017-10-23 21:38:29','2017-10-23 21:38:29'),(12,12,6,'2017-10-23 21:39:56','2017-10-23 21:39:56'),(13,13,6,'2017-10-23 21:41:20','2017-10-23 21:41:20'),(14,14,6,'2017-10-23 21:43:35','2017-10-23 21:43:35'),(15,15,6,'2017-10-23 21:45:35','2017-10-23 21:45:35'),(16,16,6,'2017-10-23 21:46:45','2017-10-23 21:46:45'),(17,17,6,'2017-10-23 21:48:09','2017-10-23 21:48:09'),(18,18,6,'2017-10-23 21:49:29','2017-10-23 21:49:29'),(19,19,6,'2017-10-23 21:50:56','2017-10-23 21:50:56'),(20,20,6,'2017-10-23 21:51:04','2017-10-23 21:51:04'),(21,21,6,'2017-10-23 21:52:08','2017-10-23 21:52:08'),(22,22,6,'2017-10-23 21:53:12','2017-10-23 21:53:12'),(23,23,6,'2017-10-23 21:53:29','2017-10-23 21:53:29'),(24,24,6,'2017-10-23 21:55:39','2017-10-23 21:55:39'),(25,25,6,'2017-10-23 21:56:37','2017-10-23 21:56:37'),(26,26,6,'2017-10-23 21:57:49','2017-10-23 21:57:49'),(27,27,6,'2017-10-23 21:58:02','2017-10-23 21:58:02'),(28,28,6,'2017-10-23 21:59:18','2017-10-23 21:59:18'),(29,29,6,'2017-10-23 21:59:54','2017-10-23 21:59:54'),(30,30,6,'2017-10-23 22:01:16','2017-10-23 22:01:16'),(31,31,2,'2017-10-23 22:09:38','2017-10-23 22:09:38'),(32,32,2,'2017-10-23 22:14:56','2017-10-23 22:14:56'),(33,33,2,'2017-10-23 22:19:22','2017-10-23 22:19:22'),(34,34,2,'2017-10-23 22:25:47','2017-10-23 22:25:47'),(35,35,2,'2017-10-23 22:31:53','2017-10-23 22:31:53'),(36,36,2,'2017-10-23 22:33:28','2017-10-23 22:33:28'),(37,37,6,'2017-10-23 22:48:20','2017-10-23 22:48:20'),(38,38,6,'2017-10-23 22:50:19','2017-10-23 22:50:19'),(39,39,6,'2017-10-23 22:51:29','2017-10-23 22:51:29'),(40,40,6,'2017-10-23 22:52:21','2017-10-23 22:52:21'),(41,41,6,'2017-10-23 22:53:28','2017-10-23 22:53:28'),(42,42,6,'2017-10-23 22:54:09','2017-10-23 22:54:09'),(43,43,6,'2017-10-23 22:56:03','2017-10-23 22:56:03'),(44,44,6,'2017-10-23 23:00:26','2017-10-23 23:00:26'),(45,45,6,'2017-10-23 23:01:44','2017-10-23 23:01:44'),(46,46,2,'2017-10-23 23:02:03','2017-10-23 23:02:03'),(47,47,6,'2017-10-23 23:04:06','2017-10-23 23:04:06'),(48,48,6,'2017-10-23 23:05:10','2017-10-23 23:05:10'),(49,49,6,'2017-10-23 23:05:59','2017-10-23 23:05:59'),(50,50,6,'2017-10-23 23:07:39','2017-10-23 23:07:39'),(51,51,6,'2017-10-23 23:09:15','2017-10-23 23:09:15'),(52,52,6,'2017-10-23 23:10:41','2017-10-23 23:10:41'),(53,53,6,'2017-10-23 23:11:43','2017-10-23 23:11:43'),(54,54,6,'2017-10-23 23:12:26','2017-10-23 23:12:26'),(55,55,6,'2017-10-23 23:13:17','2017-10-23 23:13:17'),(56,56,6,'2017-10-23 23:13:19','2017-10-23 23:13:19'),(57,57,6,'2017-10-23 23:14:12','2017-10-23 23:14:12'),(58,58,10,'2017-10-23 23:28:07','2017-10-23 23:28:07'),(59,59,10,'2017-10-23 23:30:19','2017-10-23 23:30:19'),(60,60,6,'2017-10-23 23:30:52','2017-10-23 23:30:52'),(61,61,12,'2017-10-23 23:33:58','2017-10-23 23:33:58'),(62,61,13,'2017-10-23 23:33:58','2017-10-23 23:33:58'),(63,62,10,'2017-10-23 23:41:35','2017-10-23 23:41:35'),(64,63,10,'2017-10-23 23:44:30','2017-10-23 23:44:30'),(65,64,10,'2017-10-23 23:47:48','2017-10-23 23:47:48'),(66,65,8,'2017-10-23 23:49:41','2017-10-23 23:49:41'),(67,66,6,'2017-10-23 23:50:27','2017-10-23 23:50:27'),(68,67,2,'2017-10-23 23:51:41','2017-10-23 23:51:41'),(69,68,1,'2017-10-23 23:54:15','2017-10-23 23:54:15'),(70,69,1,'2017-10-23 23:55:47','2017-10-23 23:55:47'),(71,70,1,'2017-10-23 23:58:34','2017-10-23 23:58:34'),(72,71,6,'2017-10-23 23:58:41','2017-10-23 23:58:41'),(73,72,1,'2017-10-23 23:59:29','2017-10-23 23:59:29'),(74,73,1,'2017-10-24 00:04:22','2017-10-24 00:04:22'),(75,74,8,'2017-10-24 00:06:57','2017-10-24 00:06:57'),(76,75,10,'2017-10-24 00:09:40','2017-10-24 00:09:40'),(77,76,14,'2017-10-24 00:12:51','2017-10-24 00:12:51'),(78,77,10,'2017-10-24 00:13:16','2017-10-24 00:13:16'),(79,78,6,'2017-10-24 00:14:27','2017-10-24 00:14:27'),(80,79,10,'2017-10-24 00:16:17','2017-10-24 00:16:17'),(81,80,10,'2017-10-24 00:17:13','2017-10-24 00:17:13'),(82,81,9,'2017-10-24 00:26:15','2017-10-24 00:26:15'),(83,82,9,'2017-10-24 00:28:28','2017-10-24 00:28:28'),(84,83,9,'2017-10-24 00:29:56','2017-10-24 00:29:56'),(85,84,10,'2017-10-24 00:30:03','2017-10-24 00:30:03'),(86,85,9,'2017-10-24 00:31:09','2017-10-24 00:31:09'),(87,86,6,'2017-10-24 00:38:41','2017-10-24 00:38:41'),(88,87,12,'2017-10-24 00:40:22','2017-10-24 00:40:22'),(89,88,12,'2017-10-24 00:44:17','2017-10-24 00:44:17'),(90,89,12,'2017-10-24 00:46:03','2017-10-24 00:46:03'),(91,90,12,'2017-10-24 00:49:06','2017-10-24 00:49:06'),(92,91,6,'2017-10-24 00:51:54','2017-10-24 00:51:54'),(94,93,14,'2017-10-24 01:07:36','2017-10-24 01:07:36'),(95,94,12,'2017-10-24 01:09:52','2017-10-24 01:09:52'),(96,95,5,'2017-10-24 01:10:53','2017-10-24 01:10:53'),(97,96,17,'2017-10-24 01:11:09','2017-10-24 01:11:09'),(98,96,18,'2017-10-24 01:11:09','2017-10-24 01:11:09'),(99,97,17,'2017-10-24 01:12:13','2017-10-24 01:12:13'),(100,97,18,'2017-10-24 01:12:13','2017-10-24 01:12:13'),(101,98,17,'2017-10-24 01:13:28','2017-10-24 01:13:28'),(102,98,18,'2017-10-24 01:13:28','2017-10-24 01:13:28'),(103,99,17,'2017-10-24 16:22:15','2017-10-24 16:22:15'),(104,99,18,'2017-10-24 16:22:15','2017-10-24 16:22:15'),(105,100,6,'2017-10-24 16:29:59','2017-10-24 16:29:59'),(106,101,15,'2017-10-24 16:31:38','2017-10-24 16:31:38'),(107,102,21,'2017-10-24 16:37:49','2017-10-24 16:37:49'),(108,103,17,'2017-10-24 16:42:04','2017-10-24 16:42:04'),(109,103,18,'2017-10-24 16:42:04','2017-10-24 16:42:04'),(110,104,5,'2017-10-24 16:43:25','2017-10-24 16:43:25'),(111,105,17,'2017-10-24 16:43:38','2017-10-24 16:43:38'),(112,105,18,'2017-10-24 16:43:38','2017-10-24 16:43:38'),(113,106,13,'2017-10-24 16:44:49','2017-10-24 16:44:49'),(114,107,5,'2017-10-24 16:45:06','2017-10-24 16:45:06'),(115,108,22,'2017-10-24 16:48:43','2017-10-24 16:48:43'),(116,109,23,'2017-10-24 16:52:19','2017-10-24 16:52:19'),(117,110,23,'2017-10-24 16:53:35','2017-10-24 16:53:35'),(118,111,13,'2017-10-24 16:55:09','2017-10-24 16:55:09'),(119,111,21,'2017-10-24 16:55:09','2017-10-24 16:55:09'),(120,112,13,'2017-10-24 16:56:25','2017-10-24 16:56:25'),(121,112,21,'2017-10-24 16:56:25','2017-10-24 16:56:25'),(122,113,24,'2017-10-24 16:57:22','2017-10-24 16:57:22'),(123,113,25,'2017-10-24 16:57:22','2017-10-24 16:57:22'),(124,114,21,'2017-10-24 16:57:50','2017-10-24 16:57:50'),(125,115,8,'2017-10-24 17:03:29','2017-10-24 17:03:29'),(126,116,14,'2017-10-24 17:04:12','2017-10-24 17:04:12'),(127,117,2,'2017-10-24 17:05:32','2017-10-24 17:05:32'),(128,118,8,'2017-10-24 17:07:41','2017-10-24 17:07:41'),(129,119,8,'2017-10-24 17:12:20','2017-10-24 17:12:20'),(130,120,13,'2017-10-24 22:52:30','2017-10-24 22:52:30'),(131,121,13,'2017-10-24 22:53:21','2017-10-24 22:53:21'),(132,122,13,'2017-10-24 22:56:16','2017-10-24 22:56:16'),(133,122,21,'2017-10-24 22:56:16','2017-10-24 22:56:16'),(134,123,4,'2017-10-24 23:00:55','2017-10-24 23:00:55'),(135,124,23,'2017-10-24 23:03:59','2017-10-24 23:03:59'),(136,124,24,'2017-10-24 23:03:59','2017-10-24 23:03:59'),(137,125,22,'2017-10-24 23:20:47','2017-10-24 23:20:47'),(138,126,22,'2017-10-24 23:30:27','2017-10-24 23:30:27'),(139,127,22,'2017-10-24 23:36:06','2017-10-24 23:36:06'),(140,128,22,'2017-10-24 23:37:23','2017-10-24 23:37:23'),(141,129,22,'2017-10-25 00:58:19','2017-10-25 00:58:19'),(142,130,22,'2017-10-25 01:01:25','2017-10-25 01:01:25'),(143,131,22,'2017-10-25 15:25:56','2017-10-25 15:25:56'),(144,132,22,'2017-10-25 15:29:54','2017-10-25 15:29:54'),(145,133,22,'2017-10-25 15:32:02','2017-10-25 15:32:02'),(146,134,8,'2017-10-25 15:35:46','2017-10-25 15:35:46'),(147,134,25,'2017-10-25 15:35:46','2017-10-25 15:35:46'),(148,135,8,'2017-10-25 15:37:09','2017-10-25 15:37:09'),(149,136,8,'2017-10-25 15:39:23','2017-10-25 15:39:23'),(150,137,8,'2017-10-25 15:41:28','2017-10-25 15:41:28'),(151,138,21,'2017-10-25 16:06:30','2017-10-25 16:06:30'),(152,139,14,'2017-10-25 16:10:15','2017-10-25 16:10:15'),(153,140,6,'2017-10-25 16:11:52','2017-10-25 16:11:52'),(154,141,14,'2017-10-25 16:13:34','2017-10-25 16:13:34'),(155,141,21,'2017-10-25 16:13:34','2017-10-25 16:13:34'),(156,142,17,'2017-10-25 16:15:26','2017-10-25 16:15:26'),(157,143,29,'2017-10-25 16:19:14','2017-10-25 16:19:14'),(159,144,8,'2017-10-25 17:03:47','2017-10-25 17:03:47'),(160,145,8,'2017-10-25 17:12:54','2017-10-25 17:12:54'),(161,146,8,'2017-10-25 19:42:10','2017-10-25 19:42:10'),(162,147,24,'2017-10-25 19:45:53','2017-10-25 19:45:53'),(163,147,25,'2017-10-25 19:45:53','2017-10-25 19:45:53'),(164,148,9,'2017-10-25 19:54:17','2017-10-25 19:54:17'),(165,149,12,'2017-10-25 19:56:07','2017-10-25 19:56:07'),(166,150,12,'2017-10-25 19:57:01','2017-10-25 19:57:01'),(167,151,12,'2017-10-25 19:58:39','2017-10-25 19:58:39'),(168,152,6,'2017-10-25 21:23:27','2017-10-25 21:23:27'),(169,153,6,'2017-10-25 21:25:33','2017-10-25 21:25:33'),(170,154,6,'2017-10-25 21:28:40','2017-10-25 21:28:40'),(171,155,6,'2017-10-25 21:32:11','2017-10-25 21:32:11'),(172,156,6,'2017-10-25 21:35:59','2017-10-25 21:35:59'),(173,157,6,'2017-10-25 22:19:58','2017-10-25 22:19:58'),(174,158,6,'2017-10-25 22:50:08','2017-10-25 22:50:08'),(175,159,6,'2017-10-25 22:59:30','2017-10-25 22:59:30'),(176,160,6,'2017-10-25 23:02:23','2017-10-25 23:02:23'),(177,161,6,'2017-10-25 23:03:55','2017-10-25 23:03:55'),(178,162,6,'2017-10-25 23:06:00','2017-10-25 23:06:00'),(179,163,6,'2017-10-25 23:07:43','2017-10-25 23:07:43'),(180,164,15,'2017-10-25 23:11:22','2017-10-25 23:11:22'),(181,165,6,'2017-10-26 00:11:39','2017-10-26 00:11:39'),(182,166,6,'2017-10-26 00:16:34','2017-10-26 00:16:34'),(183,167,6,'2017-10-26 00:18:12','2017-10-26 00:18:12'),(184,168,6,'2017-10-26 00:19:46','2017-10-26 00:19:46'),(185,169,6,'2017-10-26 00:21:27','2017-10-26 00:21:27'),(187,171,6,'2017-10-26 00:36:27','2017-10-26 00:36:27'),(188,172,6,'2017-10-26 00:39:49','2017-10-26 00:39:49'),(189,173,6,'2017-10-26 00:41:06','2017-10-26 00:41:06'),(190,174,6,'2017-10-26 00:42:06','2017-10-26 00:42:06'),(191,175,6,'2017-10-26 00:43:12','2017-10-26 00:43:12'),(192,176,6,'2017-10-26 00:45:48','2017-10-26 00:45:48'),(193,177,6,'2017-10-26 00:47:52','2017-10-26 00:47:52'),(194,178,6,'2017-10-26 00:48:48','2017-10-26 00:48:48'),(195,179,8,'2017-10-26 00:55:20','2017-10-26 00:55:20'),(196,180,15,'2017-10-26 00:57:12','2017-10-26 00:57:12');
/*!40000 ALTER TABLE `product_category` ENABLE KEYS */;
UNLOCK TABLES;

--
-- Table structure for table `products`
--

DROP TABLE IF EXISTS `products`;
/*!40101 SET @saved_cs_client     = @@character_set_client */;
/*!40101 SET character_set_client = utf8 */;
CREATE TABLE `products` (
  `id` int(10) unsigned NOT NULL AUTO_INCREMENT,
  `description` varchar(200) COLLATE utf8_unicode_ci NOT NULL,
  `image` varchar(100) COLLATE utf8_unicode_ci NOT NULL,
  `thumbnail` varchar(100) COLLATE utf8_unicode_ci NOT NULL,
  `created_at` timestamp NULL DEFAULT NULL,
  `updated_at` timestamp NULL DEFAULT NULL,
  PRIMARY KEY (`id`)
) ENGINE=InnoDB AUTO_INCREMENT=181 DEFAULT CHARSET=utf8 COLLATE=utf8_unicode_ci;
/*!40101 SET character_set_client = @saved_cs_client */;

--
-- Dumping data for table `products`
--

LOCK TABLES `products` WRITE;
/*!40000 ALTER TABLE `products` DISABLE KEYS */;
INSERT INTO `products` VALUES (1,'Camara Domo Falsa','A215C9D9-BAB4-8A04-9442-5F87B20DEC29.jpg','A215C9D9-BAB4-8A04-9442-5F87B20DEC29-thumb.jpg','2017-10-23 20:27:24','2017-10-23 20:27:24'),(2,'PlayStation 3 Consola Usada','E6BC433F-399D-4260-635F-31345E80D8DD.jpg','E6BC433F-399D-4260-635F-31345E80D8DD-thumb.jpg','2017-10-23 21:13:34','2017-10-23 21:13:34'),(3,'Cable Poder Consola PS3','DCAFC805-C985-1CB7-B824-9E235D729AF8.jpg','DCAFC805-C985-1CB7-B824-9E235D729AF8-thumb.jpg','2017-10-23 21:15:07','2017-10-23 21:15:07'),(4,'Cable Video HDMI','ABE214C4-DC42-1C3E-D124-E447CC442F53.jpg','ABE214C4-DC42-1C3E-D124-E447CC442F53-thumb.jpg','2017-10-23 21:16:12','2017-10-23 21:16:12'),(5,'Watch Dogs PS3 Disco','25B3EDB0-E6D2-7A3A-88A4-4B7E6EBA28D9.jpeg','25B3EDB0-E6D2-7A3A-88A4-4B7E6EBA28D9-thumb.jpeg','2017-10-23 21:19:40','2017-10-23 21:19:40'),(6,'Fight Night Round 3 PS3 Disco','246AB7E8-D9F2-C269-AE7B-368183BE906D.jpg','246AB7E8-D9F2-C269-AE7B-368183BE906D-thumb.jpg','2017-10-23 21:22:25','2017-10-23 21:22:25'),(7,'Fifa world Cup Brazil PS3','CA64341B-3389-355D-4CF4-D532108ABC21.jpg','CA64341B-3389-355D-4CF4-D532108ABC21-thumb.jpg','2017-10-23 21:26:01','2017-10-23 21:26:01'),(8,'Fifa 13 PS3 Disco','3AD8502B-E933-1426-2321-E365B6046B18.jpg','3AD8502B-E933-1426-2321-E365B6046B18-thumb.jpg','2017-10-23 21:27:47','2017-10-23 21:27:47'),(9,'Batman The Videogame LEGO PS3','0EFDFCFF-7B8D-361B-13E8-F304E889D0EF.jpg','0EFDFCFF-7B8D-361B-13E8-F304E889D0EF-thumb.jpg','2017-10-23 21:30:16','2017-10-23 21:30:16'),(10,'Star Wars III LEGO PS3 Disco','04DFFB96-C78F-B9B3-F5DE-99B057E315F0.jpg','04DFFB96-C78F-B9B3-F5DE-99B057E315F0-thumb.jpg','2017-10-23 21:33:45','2017-10-23 21:33:45'),(11,'God Of War III PS3 Disco','921A612F-FF3B-5D48-D72A-A461DD7A9D77.jpg','921A612F-FF3B-5D48-D72A-A461DD7A9D77-thumb.jpg','2017-10-23 21:38:29','2017-10-23 21:38:29'),(12,'Star Wars Forece Unleashed PS3','DFC0B943-1A0B-3BC5-AF83-69A37F99D2C1.jpg','DFC0B943-1A0B-3BC5-AF83-69A37F99D2C1-thumb.jpg','2017-10-23 21:39:55','2017-10-23 21:39:55'),(13,'Final Fantasy XIII-2 PS3 Disco','A6164ECE-D5F6-6768-5529-1CFE3C6FC100.jpg','A6164ECE-D5F6-6768-5529-1CFE3C6FC100-thumb.jpg','2017-10-23 21:41:19','2017-10-23 21:41:19'),(14,'Fifa 16 PS3 Disco','F15ADCB4-BAD0-CED7-F24A-678AC43CFD49.jpg','F15ADCB4-BAD0-CED7-F24A-678AC43CFD49-thumb.jpg','2017-10-23 21:43:35','2017-10-23 21:43:35'),(15,'Gran Turismo 5 PS3 Disco','F27FFFF3-0BA7-B0BE-79B0-0927F46C3793.jpg','F27FFFF3-0BA7-B0BE-79B0-0927F46C3793-thumb.jpg','2017-10-23 21:45:34','2017-10-23 21:45:34'),(16,'Assassins Creed II PS3 Disco','B4BE2FEA-24A3-2476-B8DF-F8C1DE72CEA5.jpg','B4BE2FEA-24A3-2476-B8DF-F8C1DE72CEA5-thumb.jpg','2017-10-23 21:46:45','2017-10-23 21:46:45'),(17,'Grand Theft Auto IV Liberty CIty PS3 Disco','F6282814-F9CF-72FE-5327-5FA2732B17FF.jpg','F6282814-F9CF-72FE-5327-5FA2732B17FF-thumb.jpg','2017-10-23 21:48:08','2017-10-23 21:48:08'),(18,'Call Of Duty Black Ops PS3','AFCA28CF-C9B3-9B41-EE7F-2CB9D8DD2B57.jpg','AFCA28CF-C9B3-9B41-EE7F-2CB9D8DD2B57-thumb.jpg','2017-10-23 21:49:29','2017-10-23 21:49:29'),(19,'Call Of Duty Ghosts PS3 Disco','3EB682CB-B05B-15F0-0EA7-0D4FDB1DAEC7.jpg','3EB682CB-B05B-15F0-0EA7-0D4FDB1DAEC7-thumb.jpg','2017-10-23 21:50:55','2017-10-23 21:50:55'),(20,'Create your imagination disco ps3','70E25BA0-F56A-4C43-AFB0-006F937C09FC.jpg','70E25BA0-F56A-4C43-AFB0-006F937C09FC-thumb.jpg','2017-10-23 21:51:04','2017-10-23 21:51:04'),(21,'Call Of Duty MD3 PS3 Disco','72629C5A-A362-35E0-D7D4-D23B0BB41DE9.jpg','72629C5A-A362-35E0-D7D4-D23B0BB41DE9-thumb.jpg','2017-10-23 21:52:07','2017-10-23 21:52:07'),(22,'Every Body Dance disco ps3','9EA3BCE9-54D5-1893-6F92-E707E59AB35A.jpg','9EA3BCE9-54D5-1893-6F92-E707E59AB35A-thumb.jpg','2017-10-23 21:53:11','2017-10-23 21:53:11'),(23,'Call Of Duty Modern Warfare 2 PS3','1881AD63-9507-3692-F835-C437EFEC922A.jpg','1881AD63-9507-3692-F835-C437EFEC922A-thumb.jpg','2017-10-23 21:53:29','2017-10-23 21:53:29'),(24,'Sports Champions','04ACE446-55DD-5BF4-62AD-DAAA0C4077D9.jpg','04ACE446-55DD-5BF4-62AD-DAAA0C4077D9-thumb.jpg','2017-10-23 21:55:39','2017-10-23 21:55:39'),(25,'Red Dead Redemption PS3 Disco','BD6097CB-414F-7B13-14BE-43B442E21062.jpg','BD6097CB-414F-7B13-14BE-43B442E21062-thumb.jpg','2017-10-23 21:56:37','2017-10-23 21:56:37'),(26,'The Fight Lights Out disco ps3','8DAE4190-3A6D-9EC0-30BD-127DDEAE4C0E.jpg','8DAE4190-3A6D-9EC0-30BD-127DDEAE4C0E-thumb.jpg','2017-10-23 21:57:48','2017-10-23 21:57:48'),(27,'Castlevania Lords Of Shadow PS3','B92B51E3-C1AE-8714-F53C-EE49C62DB947.jpg','B92B51E3-C1AE-8714-F53C-EE49C62DB947-thumb.jpg','2017-10-23 21:58:02','2017-10-23 21:58:02'),(28,'The Godfather II PS3 Disco','641384A8-207F-A894-E61D-D7C4A8A1D313.jpg','641384A8-207F-A894-E61D-D7C4A8A1D313-thumb.jpg','2017-10-23 21:59:17','2017-10-23 21:59:17'),(29,'Ninja Gaiden 3 disco ps3','46EB7A92-5B85-4430-DC0A-0D520535AEDE.jpg','46EB7A92-5B85-4430-DC0A-0D520535AEDE-thumb.jpg','2017-10-23 21:59:54','2017-10-23 21:59:54'),(30,'KillZone Shadow Fall PS4','0B2C5C8A-F175-77D8-9B03-ECDF26CAACC5.jpg','0B2C5C8A-F175-77D8-9B03-ECDF26CAACC5-thumb.jpg','2017-10-23 22:01:15','2017-10-23 22:01:15'),(31,'Camara Wifi','B785803F-535C-47E4-B854-B08118B127CF.jpg','B785803F-535C-47E4-B854-B08118B127CF-thumb.jpg','2017-10-23 22:09:37','2017-10-25 21:20:38'),(32,'Camara GoPro','C78E0D3F-1E2E-AB2A-DD10-8E0973240CA2.jpg','C78E0D3F-1E2E-AB2A-DD10-8E0973240CA2-thumb.jpg','2017-10-23 22:14:55','2017-10-25 21:20:10'),(33,'Cmara de carro','F2164698-DB60-8E99-8BCE-6EF70079E44D.jpg','F2164698-DB60-8E99-8BCE-6EF70079E44D-thumb.jpg','2017-10-23 22:19:21','2017-10-25 21:19:15'),(34,'llavero espia','B29C4708-C578-E779-4769-4DC6DB49CE7E.jpg','B29C4708-C578-E779-4769-4DC6DB49CE7E-thumb.jpg','2017-10-23 22:25:45','2017-10-23 23:00:03'),(35,'lapicero espia','5248B59E-6920-57B0-C73D-96CA7E375373.jpg','5248B59E-6920-57B0-C73D-96CA7E375373-thumb.jpg','2017-10-23 22:31:53','2017-10-23 22:59:48'),(36,'Reloj espia pulcera','DD67C876-1834-27B9-693E-8CDA4DAA1D4C.jpg','DD67C876-1834-27B9-693E-8CDA4DAA1D4C-thumb.jpg','2017-10-23 22:33:28','2017-10-23 22:33:28'),(37,'Marvel vs Capcom Infinite PS4 NUEVO','07B2B98D-928F-B067-F479-709A984EFE3C.png','07B2B98D-928F-B067-F479-709A984EFE3C-thumb.png','2017-10-23 22:48:20','2017-10-23 22:48:20'),(38,'Middle Earth Shadow of War PS4 NUEVO','534802E9-8E3D-BAEE-0071-52245E1789CB.jpg','534802E9-8E3D-BAEE-0071-52245E1789CB-thumb.jpg','2017-10-23 22:50:18','2017-10-23 22:50:18'),(39,'Deadpool PS4 NUEVO','3FD6F65C-80A9-7516-B4CA-C90C03A6E91C.jpg','3FD6F65C-80A9-7516-B4CA-C90C03A6E91C-thumb.jpg','2017-10-23 22:51:28','2017-10-23 22:51:28'),(40,'DragonBall 2 Xenoverse PS4 NUEVO','1659E71D-FC3C-02B8-79B5-8CEF5A9AD337.png','1659E71D-FC3C-02B8-79B5-8CEF5A9AD337-thumb.png','2017-10-23 22:52:21','2017-10-23 22:52:21'),(41,'Call of Duty Black Ops III PS4 NUEVO','F984E5D6-6C48-AD94-0ABC-A259BBC18D4A.jpg','F984E5D6-6C48-AD94-0ABC-A259BBC18D4A-thumb.jpg','2017-10-23 22:53:27','2017-10-23 22:53:27'),(42,'FarCry 4 PS4 NUEVO','3130980C-DBD3-F0DE-2C91-3945E3097A5F.jpg','3130980C-DBD3-F0DE-2C91-3945E3097A5F-thumb.jpg','2017-10-23 22:54:08','2017-10-23 22:54:08'),(43,'WRC 7 PS4 NUEVO','4F3E4652-AD61-84EB-274D-9BA994225D3D.jpg','4F3E4652-AD61-84EB-274D-9BA994225D3D-thumb.jpg','2017-10-23 22:56:03','2017-10-23 22:56:03'),(44,'Friday the 13th The Game PS4 NUEVO','472452D6-F7E0-CDFE-ECDA-84D6486714F8.jpg','472452D6-F7E0-CDFE-ECDA-84D6486714F8-thumb.jpg','2017-10-23 23:00:25','2017-10-23 23:00:25'),(45,'W2K18 PS4 NUEVO','ADD14496-4AA7-B434-2AB8-7DA1E2358568.jpg','ADD14496-4AA7-B434-2AB8-7DA1E2358568-thumb.jpg','2017-10-23 23:01:43','2017-10-23 23:01:43'),(46,'combo DVR 2 camaras','410E8B3C-FD68-6048-4854-45E204E8A058.jpg','410E8B3C-FD68-6048-4854-45E204E8A058-thumb.jpg','2017-10-23 23:02:03','2017-10-23 23:02:03'),(47,'The Last Of US PS4 NUEVO','AA766B77-DBB5-681F-7D4E-1FC04962DAB1.jpg','AA766B77-DBB5-681F-7D4E-1FC04962DAB1-thumb.jpg','2017-10-23 23:04:05','2017-10-23 23:04:05'),(48,'Grand Theft Auto V PS4 NUEVO','4C828DA1-838D-53E5-662C-369A4CB1AD9E.jpg','4C828DA1-838D-53E5-662C-369A4CB1AD9E-thumb.jpg','2017-10-23 23:05:09','2017-10-23 23:05:09'),(49,'The Evil Within 2 PS4','DFAFFD3C-1C78-0805-0C80-C7FBA236D6D1.jpg','DFAFFD3C-1C78-0805-0C80-C7FBA236D6D1-thumb.jpg','2017-10-23 23:05:59','2017-10-23 23:05:59'),(50,'Gran Turismo Sport PS4 NUEVO','4AAA096F-0157-3104-6A22-F1BC6B881999.jpg','4AAA096F-0157-3104-6A22-F1BC6B881999-thumb.jpg','2017-10-23 23:07:39','2017-10-23 23:07:39'),(51,'Lego Avengers PS4 NUEVO','E445D1F1-84F8-1828-2731-15BA49CD0351.jpg','E445D1F1-84F8-1828-2731-15BA49CD0351-thumb.jpg','2017-10-23 23:09:15','2017-10-23 23:09:15'),(52,'Bloodborne PS4 NUEVO','408EC940-C06F-0342-0EF9-E5F23CE7C151.png','408EC940-C06F-0342-0EF9-E5F23CE7C151-thumb.png','2017-10-23 23:10:41','2017-10-23 23:10:41'),(53,'God Of War III PS4 NUEVO','25DAAAF5-E74E-095F-CD53-BFF110285D69.png','25DAAAF5-E74E-095F-CD53-BFF110285D69-thumb.png','2017-10-23 23:11:42','2017-10-23 23:11:42'),(54,'Mafia III PS4 NUEVO','296E80C1-0436-3C6D-C55E-A26D5C2868A5.png','296E80C1-0436-3C6D-C55E-A26D5C2868A5-thumb.png','2017-10-23 23:12:26','2017-10-23 23:12:26'),(55,'Xbox 360 Fat','5EAF13F7-6F14-BABB-7599-B2A19A17C237.jpg','5EAF13F7-6F14-BABB-7599-B2A19A17C237-thumb.jpg','2017-10-23 23:13:16','2017-10-23 23:13:16'),(56,'Grand Theft Auto V PS3 NUEVO','F20EC904-6806-8B13-914F-EA4F5EC6E3FB.png','F20EC904-6806-8B13-914F-EA4F5EC6E3FB-thumb.png','2017-10-23 23:13:18','2017-10-23 23:13:18'),(57,'Fifa 18 PS3 NUEVO','8E7D7F65-128C-3DA5-CECD-F9E2FC971A98.png','8E7D7F65-128C-3DA5-CECD-F9E2FC971A98-thumb.png','2017-10-23 23:14:12','2017-10-23 23:14:12'),(58,'Adaptador OTG Micro-USB','72B250AA-7982-92C5-0318-1EC1F100A6F1.jpg','72B250AA-7982-92C5-0318-1EC1F100A6F1-thumb.jpg','2017-10-23 23:28:07','2017-10-23 23:28:07'),(59,'Adaptador Nano Sim Griffin','CC1E2098-2583-4B5C-D9D8-DEA687507E22.jpg','CC1E2098-2583-4B5C-D9D8-DEA687507E22-thumb.jpg','2017-10-23 23:30:18','2017-10-23 23:30:18'),(60,'Nintendo 64','072CA5FB-0848-1946-E01F-21907199E17B.jpg','072CA5FB-0848-1946-E01F-21907199E17B-thumb.jpg','2017-10-23 23:30:51','2017-10-23 23:30:51'),(61,'Base Sujetar Celular','58613B11-6D5E-E00E-5EFC-C0386EE3537E.jpg','58613B11-6D5E-E00E-5EFC-C0386EE3537E-thumb.jpg','2017-10-23 23:33:57','2017-10-23 23:33:57'),(62,'Adaptador OTG Micro-USB-SD','BD6D180B-DE19-E7A3-05E2-4563A3877B95.jpg','BD6D180B-DE19-E7A3-05E2-4563A3877B95-thumb.jpg','2017-10-23 23:41:35','2017-10-23 23:41:35'),(63,'Adaptador Micro SD A USB','320F3F93-8B6A-91DC-FBC6-8F8CD84293CB.jpg','320F3F93-8B6A-91DC-FBC6-8F8CD84293CB-thumb.jpg','2017-10-23 23:44:29','2017-10-24 00:19:12'),(64,'Adaptador USB OTG TF Card Reader','C62BAABA-A462-5468-ACF5-E324815A5285.jpg','C62BAABA-A462-5468-ACF5-E324815A5285-thumb.jpg','2017-10-23 23:47:47','2017-10-23 23:47:47'),(65,'Cable Conector 3.5 a RCA 1.5 metros','27D684D6-1731-463B-CA2E-DF90B41CA049.jpg','27D684D6-1731-463B-CA2E-DF90B41CA049-thumb.jpg','2017-10-23 23:49:41','2017-10-23 23:49:41'),(66,'consola wii ','D220DB9B-4C68-F9C9-C19A-0FA50D2C3666.jpg','D220DB9B-4C68-F9C9-C19A-0FA50D2C3666-thumb.jpg','2017-10-23 23:50:26','2017-10-23 23:50:26'),(67,'MonoPOd selfie Control','390DFF8B-468A-09CD-725F-A2DDFDBCC6EB.jpg','390DFF8B-468A-09CD-725F-A2DDFDBCC6EB-thumb.jpg','2017-10-23 23:51:40','2017-10-23 23:51:40'),(68,'Memoria USB 101 Kingston','57C73E8A-0A59-9233-F9CE-F88C7155DD70.jpg','57C73E8A-0A59-9233-F9CE-F88C7155DD70-thumb.jpg','2017-10-23 23:54:15','2017-10-23 23:54:15'),(69,'Micro USB 4GB Kingston','2C7AFE2A-928E-C862-E311-2FE3D31B6F36.jpg','2C7AFE2A-928E-C862-E311-2FE3D31B6F36-thumb.jpg','2017-10-23 23:55:47','2017-10-23 23:55:47'),(70,'Micro USB 8GB Kingston','2A36DD76-0825-C8AF-F193-51A4A3B64ADA.jpg','2A36DD76-0825-C8AF-F193-51A4A3B64ADA-thumb.jpg','2017-10-23 23:58:33','2017-10-23 23:58:33'),(71,'consola ps3','507206DD-187C-0650-AD95-8FA9167F2EBE.jpg','507206DD-187C-0650-AD95-8FA9167F2EBE-thumb.jpg','2017-10-23 23:58:41','2017-10-23 23:58:41'),(72,'Micro USB 16GB Kingston','21FECBED-F9A0-ECBF-476A-85CCE3629775.jpg','21FECBED-F9A0-ECBF-476A-85CCE3629775-thumb.jpg','2017-10-23 23:59:28','2017-10-23 23:59:28'),(73,'Micro USB 32GB Kingston','08E85D01-2EEB-DD3C-2C71-64B866A8626C.jpg','08E85D01-2EEB-DD3C-2C71-64B866A8626C-thumb.jpg','2017-10-24 00:04:22','2017-10-24 00:04:22'),(74,'Cable HD Componente PSP 2000/3000','19B4D731-A052-DBEC-6570-37142E01D8E5.jpg','19B4D731-A052-DBEC-6570-37142E01D8E5-thumb.jpg','2017-10-24 00:06:56','2017-10-24 00:06:56'),(75,'Adaptador Corriente 1000/2000/3000 PSP','D82075CC-913C-B023-A2C2-6C3D04EFB1F6.jpg','D82075CC-913C-B023-A2C2-6C3D04EFB1F6-thumb.jpg','2017-10-24 00:09:39','2017-10-24 00:09:39'),(76,'bocinas mini bluetooth con luz','E3FC9BA5-A036-51D7-377A-47E39A54EE4C.jpg','E3FC9BA5-A036-51D7-377A-47E39A54EE4C-thumb.jpg','2017-10-24 00:12:51','2017-10-24 00:12:51'),(77,'Cargador Solar 20000 mAh','BB7D5A0E-D4B8-1BF3-9FFD-BC0C50696837.jpg','BB7D5A0E-D4B8-1BF3-9FFD-BC0C50696837-thumb.jpg','2017-10-24 00:13:16','2017-10-24 00:13:16'),(78,'mokuru juguete anti estres','0AEBB07B-9F19-42E6-A532-5B0596CF7384.jpg','0AEBB07B-9F19-42E6-A532-5B0596CF7384-thumb.jpg','2017-10-24 00:14:27','2017-10-24 00:14:27'),(79,'cargador universal','E6C25DE6-CA70-4743-E2FE-77264F402776.jpg','E6C25DE6-CA70-4743-E2FE-77264F402776-thumb.jpg','2017-10-24 00:16:17','2017-10-24 00:16:17'),(80,'Cadena Animales','8E5BC491-0663-E807-476D-34BDFB737F54.jpg','8E5BC491-0663-E807-476D-34BDFB737F54-thumb.jpg','2017-10-24 00:17:13','2017-10-24 00:17:13'),(81,'Control PS4 Doubleshock 4 Generico','C8182EAF-F734-1B83-6765-0DD0994FD3E0.jpg','C8182EAF-F734-1B83-6765-0DD0994FD3E0-thumb.jpg','2017-10-24 00:26:14','2017-10-24 00:26:14'),(82,'Control PS4 Doubleshock 4 Original','D70A9F7C-A26C-C8F5-5F82-7EBDF1AF2E63.jpg','D70A9F7C-A26C-C8F5-5F82-7EBDF1AF2E63-thumb.jpg','2017-10-24 00:28:27','2017-10-24 00:28:27'),(83,'Control PS3 Doubleshock 3 Generico','FB9ED057-0EBC-DE20-CB5F-FA7AE834519B.jpg','FB9ED057-0EBC-DE20-CB5F-FA7AE834519B-thumb.jpg','2017-10-24 00:29:56','2017-10-24 00:29:56'),(84,'llavero antiperdida con gps','0E1FCA7A-12AB-718A-7E02-524FDFA01CC9.jpg','0E1FCA7A-12AB-718A-7E02-524FDFA01CC9-thumb.jpg','2017-10-24 00:30:03','2017-10-24 00:30:03'),(85,'Control PS3 Doubleshock 3 Original','FED692DF-A907-943F-B2E7-6EB93AA833D9.jpg','FED692DF-A907-943F-B2E7-6EB93AA833D9-thumb.jpg','2017-10-24 00:31:07','2017-10-24 00:31:07'),(86,'control vr','657B8AB8-5BB2-5D29-B932-D771192187A3.jpg','657B8AB8-5BB2-5D29-B932-D771192187A3-thumb.jpg','2017-10-24 00:38:41','2017-10-24 00:38:41'),(87,'Vidrio Templado Varios Modelos','F0FBCD6B-C7D3-24BC-D28D-837E8204A243.jpg','F0FBCD6B-C7D3-24BC-D28D-837E8204A243-thumb.jpg','2017-10-24 00:40:21','2017-10-24 00:40:21'),(88,'Mouse Alambrico USB Optico COCO','A26AF8C4-EBFB-CA87-629A-B711A91F888F.jpg','A26AF8C4-EBFB-CA87-629A-B711A91F888F-thumb.jpg','2017-10-24 00:44:17','2017-10-24 00:44:17'),(89,'Mouse InalambricoUSB Optico COCO','8CB593B1-36AC-EABA-7A53-7A125A981286.jpg','8CB593B1-36AC-EABA-7A53-7A125A981286-thumb.jpg','2017-10-24 00:46:03','2017-10-24 00:46:03'),(90,'Teclado Numerico USB','41CDC411-ACBD-2F51-F065-EEC2D5851983.jpg','41CDC411-ACBD-2F51-F065-EEC2D5851983-thumb.jpg','2017-10-24 00:49:06','2017-10-24 00:49:06'),(91,'lentes de realidad virtual','B1A91D55-241E-6C29-F94D-7F1CE5A5E462.jpg','B1A91D55-241E-6C29-F94D-7F1CE5A5E462-thumb.jpg','2017-10-24 00:51:53','2017-10-24 00:57:12'),(93,'Bocinas Bluethoot Coco Hi Fi ','E8F2BA0B-840D-A923-2ED5-5F48668626BE.jpg','E8F2BA0B-840D-A923-2ED5-5F48668626BE-thumb.jpg','2017-10-24 01:07:35','2017-10-24 01:07:35'),(94,'Cigarro Electronico Eleaf Istick Pico','1F963131-B7CD-96B0-AC6E-7E8414C84009.jpg','1F963131-B7CD-96B0-AC6E-7E8414C84009-thumb.jpg','2017-10-24 01:09:52','2017-10-24 01:09:52'),(95,'Reloj sport de mueca','754E9642-79F3-F618-35FE-FA96C57EEF54.jpg','754E9642-79F3-F618-35FE-FA96C57EEF54-thumb.jpg','2017-10-24 01:10:52','2017-10-24 01:10:52'),(96,'Cigarro Electronico Subox mini Starter','3AD5FBEE-4800-4036-7B10-E0714C0F7DDC.jpg','3AD5FBEE-4800-4036-7B10-E0714C0F7DDC-thumb.jpg','2017-10-24 01:11:09','2017-10-24 01:11:09'),(97,'Cigarro Electronico CE5','E4B5381D-D31B-0159-A238-B7E26F461D00.jpg','E4B5381D-D31B-0159-A238-B7E26F461D00-thumb.jpg','2017-10-24 01:12:13','2017-10-24 01:12:13'),(98,'Cigarro Electronico Vape X6','DF979C9A-F47A-1208-2900-1197EB2B44FF.jpg','DF979C9A-F47A-1208-2900-1197EB2B44FF-thumb.jpg','2017-10-24 01:13:28','2017-10-24 01:13:28'),(99,'Liquido Cigarro Electrico Liqua Smoke Juice Varios','8B023A2B-B785-E1A6-B1A1-723154FAE178.jpg','8B023A2B-B785-E1A6-B1A1-723154FAE178-thumb.jpg','2017-10-24 16:22:14','2017-10-24 16:22:14'),(100,'Spiner de metal','1DBD95D9-4CEF-9EE2-13FB-7F34A16AEAD1.jpg','1DBD95D9-4CEF-9EE2-13FB-7F34A16AEAD1-thumb.jpg','2017-10-24 16:29:59','2017-10-24 16:29:59'),(101,'teclaco bluetooth toshiva','413ECA83-F228-E6D7-2294-9B931B5DCCB2.jpeg','413ECA83-F228-E6D7-2294-9B931B5DCCB2-thumb.jpeg','2017-10-24 16:31:37','2017-10-24 16:31:37'),(102,'Holder de escritorio','5F85F96F-1627-48FF-E977-E8C26DA81521.jpg','5F85F96F-1627-48FF-E977-E8C26DA81521-thumb.jpg','2017-10-24 16:37:49','2017-10-24 16:37:49'),(103,'Base Cigarro Electronico Pipa CE5','69389C17-3681-329A-07F8-B1F283BB602E.jpg','69389C17-3681-329A-07F8-B1F283BB602E-thumb.jpg','2017-10-24 16:42:04','2017-10-24 16:42:04'),(104,'Smart Watch DZ09','E75805C7-F74E-5AAF-26D2-81C1DCD09054.jpg','E75805C7-F74E-5AAF-26D2-81C1DCD09054-thumb.jpg','2017-10-24 16:43:25','2017-10-24 16:43:25'),(105,'Cargador Cigarro Electronico CE5 VAPE X6','DCE1D221-74DA-EDD4-2559-70C13F3E3038.jpg','DCE1D221-74DA-EDD4-2559-70C13F3E3038-thumb.jpg','2017-10-24 16:43:38','2017-10-24 16:43:38'),(106,'Lapicero Celular Touche','65E5B213-5F0A-C5EC-EF2A-2B458E01C9FE.jpg','65E5B213-5F0A-C5EC-EF2A-2B458E01C9FE-thumb.jpg','2017-10-24 16:44:48','2017-10-24 16:44:48'),(107,'Smart Watch Gt08','65BE4252-F991-0F0E-DE3B-274741D51D4C.jpg','65BE4252-F991-0F0E-DE3B-274741D51D4C-thumb.jpg','2017-10-24 16:45:06','2017-10-24 16:45:06'),(108,'Audfonos Mini Bluetooth','D59C924A-6990-C2CC-D188-CAD9A9C0C534.jpg','D59C924A-6990-C2CC-D188-CAD9A9C0C534-thumb.jpg','2017-10-24 16:48:43','2017-10-24 16:48:43'),(109,'reproductores mp3','737541DC-F2A7-50F7-6931-8D42488D15DC.jpg','737541DC-F2A7-50F7-6931-8D42488D15DC-thumb.jpg','2017-10-24 16:52:18','2017-10-24 16:52:18'),(110,'reproductores mp4','8E897B12-F4EA-06E6-B5DE-4E288C44066A.jpg','8E897B12-F4EA-06E6-B5DE-4E288C44066A-thumb.jpg','2017-10-24 16:53:34','2017-10-24 16:53:34'),(111,'Cargador Celular Samsung Cubo + Cable','D45C0E21-7502-B076-74FC-3CDABDDBF583.jpg','D45C0E21-7502-B076-74FC-3CDABDDBF583-thumb.jpg','2017-10-24 16:55:08','2017-10-24 16:55:08'),(112,'Sujetador Celular para Correr','4937DF78-9F96-6B6B-2F9D-B2CD51359F40.jpg','4937DF78-9F96-6B6B-2F9D-B2CD51359F40-thumb.jpg','2017-10-24 16:56:25','2017-10-24 16:56:25'),(113,'Base USB Hub 2.0 4 conexiones','CF18F5C7-166B-EB5E-B3E9-B7DF40BE4209.jpg','CF18F5C7-166B-EB5E-B3E9-B7DF40BE4209-thumb.jpg','2017-10-24 16:57:22','2017-10-25 21:17:58'),(114,'cargador de celular de pared sin cable sansung','5DE2264F-5744-BA30-2337-52422DD3A49E.jpg','5DE2264F-5744-BA30-2337-52422DD3A49E-thumb.jpg','2017-10-24 16:57:49','2017-10-24 16:57:49'),(115,'cable de carga sansung','30813504-5365-A902-3B03-82F3C64DF023.jpg','30813504-5365-A902-3B03-82F3C64DF023-thumb.jpg','2017-10-24 17:03:29','2017-10-24 17:03:29'),(116,'Bocinas Bluethoot Coco MS-187BT 15WRMS','5AE6FFCD-73AD-C5A9-5A33-EA91B2B6C78F.jpg','5AE6FFCD-73AD-C5A9-5A33-EA91B2B6C78F-thumb.jpg','2017-10-24 17:04:12','2017-10-24 17:04:12'),(117,'Dron 020 Camara Steren','ABD6DBA7-5073-677B-CDE7-7C5A8BA5CCAB.jpg','ABD6DBA7-5073-677B-CDE7-7C5A8BA5CCAB-thumb.jpg','2017-10-24 17:05:32','2017-10-24 17:05:32'),(118,'cable de carga tipo C','9C49E959-6B17-DC9E-0830-F7177ED81CB0.jpg','9C49E959-6B17-DC9E-0830-F7177ED81CB0-thumb.jpg','2017-10-24 17:07:41','2017-10-24 17:07:41'),(119,'cable de plug a plug ','F01C64EC-8AFA-4E3B-4571-32086AFDE89E.jpg','F01C64EC-8AFA-4E3B-4571-32086AFDE89E-thumb.jpg','2017-10-24 17:12:20','2017-10-24 17:12:20'),(120,'Adaptador Incremento Celular CLIP','CF3BD317-45EA-C201-B62B-123BCF384D19.jpg','CF3BD317-45EA-C201-B62B-123BCF384D19-thumb.jpg','2017-10-24 22:52:30','2017-10-24 22:52:30'),(121,'Sujetadoror de Celular Carro','A4DE20E2-A6CA-D863-72E9-1220E8441EF1.jpg','A4DE20E2-A6CA-D863-72E9-1220E8441EF1-thumb.jpg','2017-10-24 22:53:20','2017-10-24 22:53:20'),(122,'Sujetador Celular Selfie Stick','63D5084F-6706-3062-8536-74EE6C4541B7.jpg','63D5084F-6706-3062-8536-74EE6C4541B7-thumb.jpg','2017-10-24 22:56:16','2017-10-24 22:56:16'),(123,'Cargador Celular PowerBank 3600mAh','2A0DE64C-4B02-0AA9-80CF-2CE0CB6486BC.jpg','2A0DE64C-4B02-0AA9-80CF-2CE0CB6486BC-thumb.jpg','2017-10-24 23:00:54','2017-10-24 23:00:54'),(124,'Mp3 Player para Carro Coco Bluetooth','327A459C-26E2-8EA6-B299-A08E825927CD.jpg','327A459C-26E2-8EA6-B299-A08E825927CD-thumb.jpg','2017-10-24 23:03:59','2017-10-24 23:03:59'),(125,'Audifonos Wireless Coco ZS-011','46D7136C-4366-A81A-C546-EC8C11553F18.jpg','46D7136C-4366-A81A-C546-EC8C11553F18-thumb.jpg','2017-10-24 23:20:46','2017-10-24 23:20:46'),(126,'Audifonos Headset Iphone Bluetooth','FBF311DD-D810-4FD4-1C44-5361740B6D5D.jpg','FBF311DD-D810-4FD4-1C44-5361740B6D5D-thumb.jpg','2017-10-24 23:30:27','2017-10-24 23:30:27'),(127,'Audifonos Samsung Galaxy S4','FFE694D8-3F44-CAB5-9A3E-6A5ED6849482.jpg','FFE694D8-3F44-CAB5-9A3E-6A5ED6849482-thumb.jpg','2017-10-24 23:36:05','2017-10-24 23:36:05'),(128,'Audifonos Beats by Dr. Dre','4E77B6E8-CB92-8584-FB2F-601EA65C5017.jpg','4E77B6E8-CB92-8584-FB2F-601EA65C5017-thumb.jpg','2017-10-24 23:37:22','2017-10-24 23:37:22'),(129,'Audifinos JBL Sport Headphon','97588CAD-3955-F619-A95C-19B9DAD2FA3B.jpg','97588CAD-3955-F619-A95C-19B9DAD2FA3B-thumb.jpg','2017-10-25 00:58:17','2017-10-25 00:58:17'),(130,'Audifonos Zipper ','9956BACF-4912-CA22-8DEA-A97087D7F039.jpg','9956BACF-4912-CA22-8DEA-A97087D7F039-thumb.jpg','2017-10-25 01:01:25','2017-10-25 01:01:25'),(131,'Audifonos Coco Bluetooth Stereo S704T','987E7825-D52D-9A29-F4E7-B14FFC5D84A0.jpg','987E7825-D52D-9A29-F4E7-B14FFC5D84A0-thumb.jpg','2017-10-25 15:25:55','2017-10-25 15:25:55'),(132,'Audifonos Coco Bluetooth Stereo ZS-008','C3FB60A5-B85D-1F01-17A0-BFDD5AC1F350.jpg','C3FB60A5-B85D-1F01-17A0-BFDD5AC1F350-thumb.jpg','2017-10-25 15:29:53','2017-10-25 22:08:30'),(133,'Audifonos Puma Sport Headphones','4958ECA1-DD02-B90C-0355-412A77744E8D.jpg','4958ECA1-DD02-B90C-0355-412A77744E8D-thumb.jpg','2017-10-25 15:31:58','2017-10-25 22:09:40'),(134,'Cable USB a Micro USB Soporte Hilo','AB86FC14-C9F9-AA2C-2770-C10318E752EE.jpg','AB86FC14-C9F9-AA2C-2770-C10318E752EE-thumb.jpg','2017-10-25 15:35:45','2017-10-25 22:10:28'),(135,'Cable USB a Iphone Soporte Hilo','B398FE1C-DFE9-3D8E-FAA0-C81018ACF289.jpg','B398FE1C-DFE9-3D8E-FAA0-C81018ACF289-thumb.jpg','2017-10-25 15:37:08','2017-10-25 22:11:02'),(136,'Cable USB Magnetico to Micro USB, Iphone, Type C','9F08B1A7-ABAA-D406-F52F-A3FE01534730.jpg','9F08B1A7-ABAA-D406-F52F-A3FE01534730-thumb.jpg','2017-10-25 15:39:21','2017-10-25 22:11:55'),(137,'Cable RCA a RCA Video Audio Coco','5A0E1A9E-50BC-99E9-6372-73E612A66279.jpg','5A0E1A9E-50BC-99E9-6372-73E612A66279-thumb.jpg','2017-10-25 15:41:28','2017-10-25 22:12:46'),(138,'Cortador de sim','F370EB2C-1CF1-D06C-4738-D7DEF815EC2C.jpg','F370EB2C-1CF1-D06C-4738-D7DEF815EC2C-thumb.jpg','2017-10-25 16:06:29','2017-10-25 16:06:29'),(139,'bocina ovalada','5BCC626E-71D5-FDB4-425D-2B421876F843.jpg','5BCC626E-71D5-FDB4-425D-2B421876F843-thumb.jpg','2017-10-25 16:10:13','2017-10-25 16:10:13'),(140,'Mini VR','41D81962-4D11-4F4C-6770-15A9428756F4.jpg','41D81962-4D11-4F4C-6770-15A9428756F4-thumb.jpg','2017-10-25 16:11:52','2017-10-25 16:11:52'),(141,'Power Jam','27FFB83A-835F-72E5-8216-D02B53DF3819.jpg','27FFB83A-835F-72E5-8216-D02B53DF3819-thumb.jpg','2017-10-25 16:13:34','2017-10-25 16:13:34'),(142,'Ventilador mini','6D51ACC3-22E8-CE5D-2EAB-C93540006949.jpg','6D51ACC3-22E8-CE5D-2EAB-C93540006949-thumb.jpg','2017-10-25 16:15:25','2017-10-25 16:15:25'),(143,'Silln infla ble multiusos','BEB328E0-E7F1-C885-81CF-0034AEE71EA2.jpg','BEB328E0-E7F1-C885-81CF-0034AEE71EA2-thumb.jpg','2017-10-25 16:19:13','2017-10-25 16:19:13'),(144,'Cable HDMI a HDMI','6DF7651C-8F86-CB01-7920-C5DB71F26CB2.png','6DF7651C-8F86-CB01-7920-C5DB71F26CB2-thumb.png','2017-10-25 17:00:08','2017-10-25 17:00:08'),(145,'Cable HDMI Celular Samsung S3 S4 S5 Video','0F5C4036-90EF-D8BB-9E1B-5CC1B582FC9C.jpg','0F5C4036-90EF-D8BB-9E1B-5CC1B582FC9C-thumb.jpg','2017-10-25 17:12:53','2017-10-25 17:12:53'),(146,'Cable USB Multiples conexiones','6CD04506-CF98-0F94-CCC9-BD970E8664DF.jpg','6CD04506-CF98-0F94-CCC9-BD970E8664DF-thumb.jpg','2017-10-25 19:42:09','2017-10-25 19:42:09'),(147,'Cargador Celular Carro ','726B628E-2D6C-3822-74CA-489336EBD022.jpg','726B628E-2D6C-3822-74CA-489336EBD022-thumb.jpg','2017-10-25 19:45:53','2017-10-25 19:45:53'),(148,'Control Para PC Joyspad Agiler AGI 4010','6CCA635F-65B4-C7BF-995B-D606BBC5F6DC.jpg','6CCA635F-65B4-C7BF-995B-D606BBC5F6DC-thumb.jpg','2017-10-25 19:54:17','2017-10-25 19:54:17'),(149,'Protector Hule Control PS4','77C9F2DC-F8C0-941F-7328-184105AE3DF5.jpg','77C9F2DC-F8C0-941F-7328-184105AE3DF5-thumb.jpg','2017-10-25 19:56:06','2017-10-25 19:56:06'),(150,'Protector Hule Control PS3','2EE95323-9A0C-0B7F-100B-6252059C5021.jpg','2EE95323-9A0C-0B7F-100B-6252059C5021-thumb.jpg','2017-10-25 19:57:01','2017-10-25 19:57:01'),(151,'Protector Joystick Gomitas','D3363649-8C29-BC03-2027-E7616F3EA33A.jpg','D3363649-8C29-BC03-2027-E7616F3EA33A-thumb.jpg','2017-10-25 19:58:38','2017-10-25 19:58:38'),(152,'Control Xbox 360 generico con cable','9336A9D4-D9BF-31D9-8B04-DFF610799B9F.jpg','9336A9D4-D9BF-31D9-8B04-DFF610799B9F-thumb.jpg','2017-10-25 21:23:27','2017-10-25 21:25:47'),(153,'Control Xbox 360 usado inalambrico','E41253E8-A846-3F38-1769-9F70E16BCE92.jpg','E41253E8-A846-3F38-1769-9F70E16BCE92-thumb.jpg','2017-10-25 21:25:32','2017-10-25 21:25:32'),(154,'Control Wii Nyko usado','E23C4620-B7D8-5743-D5A0-D3F22C8B3FB3.jpg','E23C4620-B7D8-5743-D5A0-D3F22C8B3FB3-thumb.jpg','2017-10-25 21:28:40','2017-10-25 21:28:40'),(155,'Control wii nuevo ','0449BAED-00BB-4EF9-0545-86BF96587952.jpg','0449BAED-00BB-4EF9-0545-86BF96587952-thumb.jpg','2017-10-25 21:32:10','2017-10-25 21:32:10'),(156,'Nunchuk wii','9E7C16FC-286E-7596-5296-06529176FA37.jpg','9E7C16FC-286E-7596-5296-06529176FA37-thumb.jpg','2017-10-25 21:35:58','2017-10-25 21:35:58'),(157,'Control de nintendo 64','EE8B8246-E234-8434-E4A1-FD3E3A8C6A86.jpg','EE8B8246-E234-8434-E4A1-FD3E3A8C6A86-thumb.jpg','2017-10-25 22:19:57','2017-10-25 22:19:57'),(158,'Control de Wii Gamecube','5C4874C9-032E-C7F9-D2BA-5F98FF2394D7.jpg','5C4874C9-032E-C7F9-D2BA-5F98FF2394D7-thumb.jpg','2017-10-25 22:50:07','2017-10-25 22:50:07'),(159,'cargador de psp AC','A07F884C-721F-5B36-FE2C-CE4DF4FFACFF.jpg','A07F884C-721F-5B36-FE2C-CE4DF4FFACFF-thumb.jpg','2017-10-25 22:59:30','2017-10-25 22:59:30'),(160,'Cargador de 3DS','A0B6FD4B-28AD-6672-FB60-A951651CBD35.jpg','A0B6FD4B-28AD-6672-FB60-A951651CBD35-thumb.jpg','2017-10-25 23:02:23','2017-10-25 23:02:23'),(161,'Control Move para PS3','CB06146A-EB93-EB41-BE33-274F0C66E044.jpg','CB06146A-EB93-EB41-BE33-274F0C66E044-thumb.jpg','2017-10-25 23:03:55','2017-10-25 23:03:55'),(162,'Camara para move de PS3','6F47155E-B297-E4DF-A6E9-6134DBD1957D.jpg','6F47155E-B297-E4DF-A6E9-6134DBD1957D-thumb.jpg','2017-10-25 23:05:59','2017-10-25 23:05:59'),(163,'base de wii','E2FA2F1C-920D-F681-9C8B-3E846B75AA0E.jpg','E2FA2F1C-920D-F681-9C8B-3E846B75AA0E-thumb.jpg','2017-10-25 23:07:43','2017-10-25 23:07:43'),(164,'ventilador de portatil','99DF546E-247D-60C4-E444-6B7508854089.jpg','99DF546E-247D-60C4-E444-6B7508854089-thumb.jpg','2017-10-25 23:11:21','2017-10-25 23:11:21'),(165,'Suiced2juego xbox360','3805A9A7-2A62-A777-1D0F-D8A3B446CD90.jpg','3805A9A7-2A62-A777-1D0F-D8A3B446CD90-thumb.jpg','2017-10-26 00:11:37','2017-10-26 00:11:37'),(166,'fifa soccer 08','52DF3BE3-EE40-74E8-E1F5-3CAB40C99CFC.jpg','52DF3BE3-EE40-74E8-E1F5-3CAB40C99CFC-thumb.jpg','2017-10-26 00:16:33','2017-10-26 00:16:33'),(167,'Just Dance 3 xbox 360','4C60F9DA-0979-AAAD-2726-C8A517EA0C1B.jpg','4C60F9DA-0979-AAAD-2726-C8A517EA0C1B-thumb.jpg','2017-10-26 00:18:10','2017-10-26 00:18:10'),(168,'Motion Sport juego xbox 360','CB359F84-05FB-13A5-7415-8223DEF3BC08.jpg','CB359F84-05FB-13A5-7415-8223DEF3BC08-thumb.jpg','2017-10-26 00:19:45','2017-10-26 00:19:45'),(169,'Mi coach juego xbox 360','7BCAD210-97F5-E1F0-F85C-A9F0DE19DB81.jpg','7BCAD210-97F5-E1F0-F85C-A9F0DE19DB81-thumb.jpg','2017-10-26 00:21:27','2017-10-26 00:21:27'),(171,'Kinect Adventures juego xbox 360','4FC00504-0176-31CB-A077-A324FA8F096B.jpg','4FC00504-0176-31CB-A077-A324FA8F096B-thumb.jpg','2017-10-26 00:36:26','2017-10-26 00:36:26'),(172,'NBA2K8 juego xbox 360','79B9011D-FF01-54E9-7F8E-D34347EB567B.jpg','79B9011D-FF01-54E9-7F8E-D34347EB567B-thumb.jpg','2017-10-26 00:39:48','2017-10-26 00:39:48'),(173,'The Witcher 2 juego xbox 360','75F5FFC9-25F7-691A-C427-6152DDDB6CB6.jpg','75F5FFC9-25F7-691A-C427-6152DDDB6CB6-thumb.jpg','2017-10-26 00:41:06','2017-10-26 00:41:06'),(174,'NBA2k13','12B3128F-3A87-2A6D-4B97-8866247E7F6B.jpg','12B3128F-3A87-2A6D-4B97-8866247E7F6B-thumb.jpg','2017-10-26 00:42:05','2017-10-26 00:42:05'),(175,'Madden08 juego xbox 360','3CB1C25B-1082-472D-CEBE-F1823D6B4CEB.jpg','3CB1C25B-1082-472D-CEBE-F1823D6B4CEB-thumb.jpg','2017-10-26 00:43:12','2017-10-26 00:43:12'),(176,'New super mario bros juego wii','C350E63F-AD2B-9E20-988B-B96191B0684F.jpg','C350E63F-AD2B-9E20-988B-B96191B0684F-thumb.jpg','2017-10-26 00:45:47','2017-10-26 00:45:47'),(177,'Wii play juego de wii','FF90FB01-B760-D8C3-3D34-FC14D113B6F7.jpg','FF90FB01-B760-D8C3-3D34-FC14D113B6F7-thumb.jpg','2017-10-26 00:47:52','2017-10-26 00:47:52'),(178,'Fifa soccer 09 juego wii','AB25100E-615F-E72F-7179-66D420089036.jpg','AB25100E-615F-E72F-7179-66D420089036-thumb.jpg','2017-10-26 00:48:47','2017-10-26 00:48:47'),(179,'Cable android e iphone','889FDC50-6BCF-7132-6247-E33949704961.jpg','889FDC50-6BCF-7132-6247-E33949704961-thumb.jpg','2017-10-26 00:55:20','2017-10-26 00:55:20'),(180,'Impresora Canon E402 con sistema continuo','100E154D-76A8-4BDE-23BE-7E0AD4EB173D.jpg','100E154D-76A8-4BDE-23BE-7E0AD4EB173D-thumb.jpg','2017-10-26 00:57:11','2017-10-26 00:57:11');
/*!40000 ALTER TABLE `products` ENABLE KEYS */;
UNLOCK TABLES;

--
-- Table structure for table `provider_product`
--

DROP TABLE IF EXISTS `provider_product`;
/*!40101 SET @saved_cs_client     = @@character_set_client */;
/*!40101 SET character_set_client = utf8 */;
CREATE TABLE `provider_product` (
  `id` int(10) unsigned NOT NULL AUTO_INCREMENT,
  `provider_id` int(10) unsigned NOT NULL,
  `product_id` int(10) unsigned NOT NULL,
  `created_at` timestamp NULL DEFAULT NULL,
  `updated_at` timestamp NULL DEFAULT NULL,
  PRIMARY KEY (`id`),
  KEY `provider_product_provider_id_index` (`provider_id`),
  KEY `provider_product_product_id_index` (`product_id`),
  CONSTRAINT `provider_product_product_id_foreign` FOREIGN KEY (`product_id`) REFERENCES `products` (`id`) ON DELETE CASCADE,
  CONSTRAINT `provider_product_provider_id_foreign` FOREIGN KEY (`provider_id`) REFERENCES `providers` (`id`) ON DELETE CASCADE
) ENGINE=InnoDB AUTO_INCREMENT=182 DEFAULT CHARSET=utf8 COLLATE=utf8_unicode_ci;
/*!40101 SET character_set_client = @saved_cs_client */;

--
-- Dumping data for table `provider_product`
--

LOCK TABLES `provider_product` WRITE;
/*!40000 ALTER TABLE `provider_product` DISABLE KEYS */;
INSERT INTO `provider_product` VALUES (1,17,1,'2017-10-23 20:27:24','2017-10-23 20:27:24'),(2,18,2,'2017-10-23 21:13:34','2017-10-23 21:13:34'),(3,18,3,'2017-10-23 21:15:07','2017-10-23 21:15:07'),(4,18,4,'2017-10-23 21:16:12','2017-10-23 21:16:12'),(5,18,5,'2017-10-23 21:19:40','2017-10-23 21:19:40'),(6,18,6,'2017-10-23 21:22:26','2017-10-23 21:22:26'),(7,18,7,'2017-10-23 21:26:01','2017-10-23 21:26:01'),(8,18,8,'2017-10-23 21:27:47','2017-10-23 21:27:47'),(9,18,9,'2017-10-23 21:30:17','2017-10-23 21:30:17'),(10,18,10,'2017-10-23 21:33:46','2017-10-23 21:33:46'),(11,18,11,'2017-10-23 21:38:29','2017-10-23 21:38:29'),(12,18,12,'2017-10-23 21:39:56','2017-10-23 21:39:56'),(13,18,13,'2017-10-23 21:41:20','2017-10-23 21:41:20'),(14,18,14,'2017-10-23 21:43:35','2017-10-23 21:43:35'),(15,18,15,'2017-10-23 21:45:35','2017-10-23 21:45:35'),(16,18,16,'2017-10-23 21:46:45','2017-10-23 21:46:45'),(17,18,17,'2017-10-23 21:48:08','2017-10-23 21:48:08'),(18,18,18,'2017-10-23 21:49:29','2017-10-23 21:49:29'),(19,18,19,'2017-10-23 21:50:56','2017-10-23 21:50:56'),(20,18,20,'2017-10-23 21:51:04','2017-10-23 21:51:04'),(21,18,21,'2017-10-23 21:52:07','2017-10-23 21:52:07'),(22,18,22,'2017-10-23 21:53:12','2017-10-23 21:53:12'),(23,18,23,'2017-10-23 21:53:29','2017-10-23 21:53:29'),(24,18,24,'2017-10-23 21:55:39','2017-10-23 21:55:39'),(25,18,25,'2017-10-23 21:56:37','2017-10-23 21:56:37'),(26,18,26,'2017-10-23 21:57:49','2017-10-23 21:57:49'),(27,18,27,'2017-10-23 21:58:02','2017-10-23 21:58:02'),(28,18,28,'2017-10-23 21:59:18','2017-10-23 21:59:18'),(29,18,29,'2017-10-23 21:59:54','2017-10-23 21:59:54'),(30,18,30,'2017-10-23 22:01:15','2017-10-23 22:01:15'),(31,19,31,'2017-10-23 22:09:38','2017-10-23 22:09:38'),(32,20,32,'2017-10-23 22:14:56','2017-10-23 22:14:56'),(33,19,33,'2017-10-23 22:19:22','2017-10-23 22:19:22'),(34,4,34,'2017-10-23 22:25:47','2017-10-23 22:25:47'),(35,4,35,'2017-10-23 22:31:53','2017-10-23 22:31:53'),(36,4,36,'2017-10-23 22:33:28','2017-10-23 22:33:28'),(37,12,37,'2017-10-23 22:48:20','2017-10-23 22:48:20'),(38,12,38,'2017-10-23 22:50:19','2017-10-23 22:50:19'),(39,12,39,'2017-10-23 22:51:29','2017-10-23 22:51:29'),(40,12,40,'2017-10-23 22:52:21','2017-10-23 22:52:21'),(41,12,41,'2017-10-23 22:53:27','2017-10-23 22:53:27'),(42,12,42,'2017-10-23 22:54:09','2017-10-23 22:54:09'),(43,12,43,'2017-10-23 22:56:03','2017-10-23 22:56:03'),(44,12,44,'2017-10-23 23:00:26','2017-10-23 23:00:26'),(45,12,45,'2017-10-23 23:01:44','2017-10-23 23:01:44'),(46,21,46,'2017-10-23 23:02:03','2017-10-23 23:02:03'),(47,12,47,'2017-10-23 23:04:06','2017-10-23 23:04:06'),(48,12,48,'2017-10-23 23:05:10','2017-10-23 23:05:10'),(49,12,49,'2017-10-23 23:05:59','2017-10-23 23:05:59'),(50,12,50,'2017-10-23 23:07:39','2017-10-23 23:07:39'),(51,12,51,'2017-10-23 23:09:15','2017-10-23 23:09:15'),(52,12,52,'2017-10-23 23:10:41','2017-10-23 23:10:41'),(53,12,53,'2017-10-23 23:11:43','2017-10-23 23:11:43'),(54,12,54,'2017-10-23 23:12:26','2017-10-23 23:12:26'),(55,18,55,'2017-10-23 23:13:17','2017-10-23 23:13:17'),(56,12,56,'2017-10-23 23:13:19','2017-10-23 23:13:19'),(57,12,57,'2017-10-23 23:14:12','2017-10-23 23:14:12'),(58,19,58,'2017-10-23 23:28:07','2017-10-23 23:28:07'),(59,19,59,'2017-10-23 23:30:19','2017-10-23 23:30:19'),(60,18,60,'2017-10-23 23:30:52','2017-10-23 23:30:52'),(61,19,61,'2017-10-23 23:33:58','2017-10-23 23:33:58'),(62,19,62,'2017-10-23 23:41:35','2017-10-23 23:41:35'),(63,19,63,'2017-10-23 23:44:30','2017-10-23 23:44:30'),(64,19,64,'2017-10-23 23:47:47','2017-10-23 23:47:47'),(65,19,65,'2017-10-23 23:49:41','2017-10-23 23:49:41'),(66,18,66,'2017-10-23 23:50:27','2017-10-23 23:50:27'),(67,19,67,'2017-10-23 23:51:40','2017-10-23 23:51:40'),(68,19,68,'2017-10-23 23:54:15','2017-10-23 23:54:15'),(69,19,69,'2017-10-23 23:55:47','2017-10-23 23:55:47'),(70,19,70,'2017-10-23 23:58:34','2017-10-23 23:58:34'),(71,18,71,'2017-10-23 23:58:41','2017-10-23 23:58:41'),(72,19,72,'2017-10-23 23:59:29','2017-10-23 23:59:29'),(73,19,73,'2017-10-24 00:04:22','2017-10-24 00:04:22'),(74,20,74,'2017-10-24 00:06:57','2017-10-24 00:06:57'),(75,20,75,'2017-10-24 00:09:40','2017-10-24 00:09:40'),(76,19,76,'2017-10-24 00:12:51','2017-10-24 00:12:51'),(77,20,77,'2017-10-24 00:13:16','2017-10-24 00:13:16'),(78,20,78,'2017-10-24 00:14:27','2017-10-24 00:14:27'),(79,19,79,'2017-10-24 00:16:17','2017-10-24 00:16:17'),(80,18,80,'2017-10-24 00:17:13','2017-10-24 00:17:13'),(81,22,81,'2017-10-24 00:26:15','2017-10-24 00:26:15'),(82,22,82,'2017-10-24 00:28:27','2017-10-24 00:28:27'),(83,19,83,'2017-10-24 00:29:56','2017-10-24 00:29:56'),(84,20,84,'2017-10-24 00:30:03','2017-10-24 00:30:03'),(85,22,85,'2017-10-24 00:31:09','2017-10-24 00:31:09'),(86,19,86,'2017-10-24 00:38:41','2017-10-24 00:38:41'),(88,19,88,'2017-10-24 00:44:17','2017-10-24 00:44:17'),(89,19,89,'2017-10-24 00:46:03','2017-10-24 00:46:03'),(90,19,90,'2017-10-24 00:49:06','2017-10-24 00:49:06'),(91,23,87,'2017-10-24 00:49:42','2017-10-24 00:49:42'),(92,19,91,'2017-10-24 00:51:53','2017-10-24 00:51:53'),(94,19,93,'2017-10-24 01:07:36','2017-10-24 01:07:36'),(95,19,94,'2017-10-24 01:09:52','2017-10-24 01:09:52'),(96,19,95,'2017-10-24 01:10:53','2017-10-24 01:10:53'),(97,19,96,'2017-10-24 01:11:09','2017-10-24 01:11:09'),(98,19,97,'2017-10-24 01:12:13','2017-10-24 01:12:13'),(99,19,98,'2017-10-24 01:13:28','2017-10-24 01:13:28'),(100,19,99,'2017-10-24 16:22:15','2017-10-24 16:22:15'),(101,19,100,'2017-10-24 16:29:59','2017-10-24 16:29:59'),(102,6,101,'2017-10-24 16:31:38','2017-10-24 16:31:38'),(103,19,102,'2017-10-24 16:37:49','2017-10-24 16:37:49'),(104,19,103,'2017-10-24 16:42:04','2017-10-24 16:42:04'),(105,19,104,'2017-10-24 16:43:25','2017-10-24 16:43:25'),(106,19,105,'2017-10-24 16:43:38','2017-10-24 16:43:38'),(107,19,106,'2017-10-24 16:44:49','2017-10-24 16:44:49'),(108,19,107,'2017-10-24 16:45:06','2017-10-24 16:45:06'),(109,19,108,'2017-10-24 16:48:43','2017-10-24 16:48:43'),(110,19,109,'2017-10-24 16:52:18','2017-10-24 16:52:18'),(111,19,110,'2017-10-24 16:53:35','2017-10-24 16:53:35'),(112,19,111,'2017-10-24 16:55:09','2017-10-24 16:55:09'),(113,19,112,'2017-10-24 16:56:25','2017-10-24 16:56:25'),(114,19,113,'2017-10-24 16:57:22','2017-10-24 16:57:22'),(115,19,114,'2017-10-24 16:57:50','2017-10-24 16:57:50'),(116,19,115,'2017-10-24 17:03:29','2017-10-24 17:03:29'),(117,19,116,'2017-10-24 17:04:12','2017-10-24 17:04:12'),(118,18,117,'2017-10-24 17:05:32','2017-10-24 17:05:32'),(119,19,118,'2017-10-24 17:07:41','2017-10-24 17:07:41'),(120,19,119,'2017-10-24 17:12:20','2017-10-24 17:12:20'),(121,19,120,'2017-10-24 22:52:30','2017-10-24 22:52:30'),(122,19,121,'2017-10-24 22:53:21','2017-10-24 22:53:21'),(123,19,122,'2017-10-24 22:56:16','2017-10-24 22:56:16'),(124,19,123,'2017-10-24 23:00:54','2017-10-24 23:00:54'),(125,19,124,'2017-10-24 23:03:59','2017-10-24 23:03:59'),(126,19,125,'2017-10-24 23:20:47','2017-10-24 23:20:47'),(127,19,126,'2017-10-24 23:30:27','2017-10-24 23:30:27'),(128,19,127,'2017-10-24 23:36:06','2017-10-24 23:36:06'),(129,19,128,'2017-10-24 23:37:23','2017-10-24 23:37:23'),(130,19,129,'2017-10-25 00:58:19','2017-10-25 00:58:19'),(131,19,130,'2017-10-25 01:01:25','2017-10-25 01:01:25'),(132,19,131,'2017-10-25 15:25:56','2017-10-25 15:25:56'),(133,19,132,'2017-10-25 15:29:54','2017-10-25 15:29:54'),(134,19,133,'2017-10-25 15:32:01','2017-10-25 15:32:01'),(135,19,134,'2017-10-25 15:35:46','2017-10-25 15:35:46'),(136,19,135,'2017-10-25 15:37:09','2017-10-25 15:37:09'),(137,19,136,'2017-10-25 15:39:23','2017-10-25 15:39:23'),(138,19,137,'2017-10-25 15:41:28','2017-10-25 15:41:28'),(139,19,138,'2017-10-25 16:06:30','2017-10-25 16:06:30'),(140,19,139,'2017-10-25 16:10:15','2017-10-25 16:10:15'),(141,19,140,'2017-10-25 16:11:52','2017-10-25 16:11:52'),(142,19,141,'2017-10-25 16:13:34','2017-10-25 16:13:34'),(143,19,142,'2017-10-25 16:15:26','2017-10-25 16:15:26'),(144,19,143,'2017-10-25 16:19:13','2017-10-25 16:19:13'),(145,19,144,'2017-10-25 17:00:08','2017-10-25 17:00:08'),(146,19,145,'2017-10-25 17:12:53','2017-10-25 17:12:53'),(147,19,146,'2017-10-25 19:42:10','2017-10-25 19:42:10'),(148,19,147,'2017-10-25 19:45:53','2017-10-25 19:45:53'),(149,19,148,'2017-10-25 19:54:17','2017-10-25 19:54:17'),(150,19,149,'2017-10-25 19:56:07','2017-10-25 19:56:07'),(151,19,150,'2017-10-25 19:57:01','2017-10-25 19:57:01'),(152,19,151,'2017-10-25 19:58:39','2017-10-25 19:58:39'),(153,19,152,'2017-10-25 21:23:27','2017-10-25 21:23:27'),(154,18,153,'2017-10-25 21:25:33','2017-10-25 21:25:33'),(155,18,154,'2017-10-25 21:28:40','2017-10-25 21:28:40'),(156,22,155,'2017-10-25 21:32:11','2017-10-25 21:32:11'),(157,22,156,'2017-10-25 21:35:59','2017-10-25 21:35:59'),(158,18,157,'2017-10-25 22:19:57','2017-10-25 22:19:57'),(159,18,158,'2017-10-25 22:50:08','2017-10-25 22:50:08'),(160,19,159,'2017-10-25 22:59:30','2017-10-25 22:59:30'),(161,19,160,'2017-10-25 23:02:23','2017-10-25 23:02:23'),(162,18,161,'2017-10-25 23:03:55','2017-10-25 23:03:55'),(163,18,162,'2017-10-25 23:06:00','2017-10-25 23:06:00'),(164,18,163,'2017-10-25 23:07:43','2017-10-25 23:07:43'),(165,19,164,'2017-10-25 23:11:22','2017-10-25 23:11:22'),(166,18,165,'2017-10-26 00:11:39','2017-10-26 00:11:39'),(167,18,166,'2017-10-26 00:16:34','2017-10-26 00:16:34'),(168,18,167,'2017-10-26 00:18:12','2017-10-26 00:18:12'),(169,18,168,'2017-10-26 00:19:45','2017-10-26 00:19:45'),(170,18,169,'2017-10-26 00:21:27','2017-10-26 00:21:27'),(172,18,171,'2017-10-26 00:36:27','2017-10-26 00:36:27'),(173,18,172,'2017-10-26 00:39:48','2017-10-26 00:39:48'),(174,18,173,'2017-10-26 00:41:06','2017-10-26 00:41:06'),(175,18,174,'2017-10-26 00:42:06','2017-10-26 00:42:06'),(176,18,175,'2017-10-26 00:43:12','2017-10-26 00:43:12'),(177,18,176,'2017-10-26 00:45:48','2017-10-26 00:45:48'),(178,18,177,'2017-10-26 00:47:52','2017-10-26 00:47:52'),(179,18,178,'2017-10-26 00:48:48','2017-10-26 00:48:48'),(180,19,179,'2017-10-26 00:55:20','2017-10-26 00:55:20'),(181,21,180,'2017-10-26 00:57:11','2017-10-26 00:57:11');
/*!40000 ALTER TABLE `provider_product` ENABLE KEYS */;
UNLOCK TABLES;

--
-- Table structure for table `providers`
--

DROP TABLE IF EXISTS `providers`;
/*!40101 SET @saved_cs_client     = @@character_set_client */;
/*!40101 SET character_set_client = utf8 */;
CREATE TABLE `providers` (
  `id` int(10) unsigned NOT NULL AUTO_INCREMENT,
  `name` varchar(100) COLLATE utf8_unicode_ci NOT NULL,
  `phone` varchar(10) COLLATE utf8_unicode_ci NOT NULL,
  `address` varchar(100) COLLATE utf8_unicode_ci NOT NULL,
  `email` varchar(100) COLLATE utf8_unicode_ci NOT NULL,
  `contact` varchar(100) COLLATE utf8_unicode_ci NOT NULL,
  `website` varchar(100) COLLATE utf8_unicode_ci NOT NULL,
  `additional_info` varchar(200) COLLATE utf8_unicode_ci NOT NULL,
  `created_at` timestamp NULL DEFAULT NULL,
  `updated_at` timestamp NULL DEFAULT NULL,
  PRIMARY KEY (`id`)
) ENGINE=InnoDB AUTO_INCREMENT=24 DEFAULT CHARSET=utf8 COLLATE=utf8_unicode_ci;
/*!40101 SET character_set_client = @saved_cs_client */;

--
-- Dumping data for table `providers`
--

LOCK TABLES `providers` WRITE;
/*!40000 ALTER TABLE `providers` DISABLE KEYS */;
INSERT INTO `providers` VALUES (1,'Imprenta','40115041','9 calle 8-25 zona 7 colonia quinta samayoa','','','','','2017-10-23 18:11:04','2017-10-23 18:11:04'),(2,'Sistema Continuo','54546166','Domicilio','','','','Q125.00','2017-10-23 18:11:36','2017-10-23 18:11:36'),(3,'Camaras Hikvision','22302996','Zona 1 9na Avenida 1-11','','','','Celular 43150528','2017-10-23 18:12:33','2017-10-23 18:12:33'),(4,'Setec','51387856','Zona 12 Atanacio Plaza Roble','','','','Camaras Espias','2017-10-23 18:13:40','2017-10-23 18:13:40'),(5,'Javier Gangas VideoGames','47688046','Galerias Prima','','','','Video Juegos','2017-10-23 18:14:18','2017-10-23 18:14:18'),(6,'Computec','52046612','Guatemala','','Sergio Villeda','','Computadoras','2017-10-23 18:27:50','2017-10-23 18:27:50'),(7,'Vigila','22302996','Guatemala','','Sharon','','','2017-10-23 18:30:41','2017-10-23 18:30:41'),(8,'JAIR','55645853','zona 18','','','','Camaras DVR ','2017-10-23 18:31:37','2017-10-23 18:31:37'),(9,'Disco Duro WII','55154257','Guatemala','','','','Disco duro 500gb','2017-10-23 18:43:38','2017-10-23 18:43:38'),(10,'Luis Torre','53775178','Guatemala','','','','Disco Duro 80GB','2017-10-23 18:44:41','2017-10-23 18:44:41'),(11,'Tecnico PSP','58131487','Guatemala','','Juan Carlos Garcia','','Nueva Motserrat','2017-10-23 18:45:30','2017-10-23 18:45:30'),(12,'Juegos Fisicos USA','55555555','usa','','','','Compra en Internet','2017-10-23 20:17:43','2017-10-23 20:17:43'),(13,'Moveland de centro America','55555555','Guatemala','','Jose Melver','','TV BOX','2017-10-23 20:22:14','2017-10-23 20:22:14'),(14,'Vidrios Templados','34832403','Guatemala','','Manolo Metamercado','','Otro numero 50096600','2017-10-23 20:22:49','2017-10-23 20:22:49'),(15,'Impresoras Canon E402','23672850','Zona 10','','','','','2017-10-23 20:23:30','2017-10-23 20:23:30'),(16,'Audios y Consolas','42127532','Guatemala','','Cistobal Navas','','Otro numero 59685214,','2017-10-23 20:24:08','2017-10-23 20:24:08'),(17,'El Mejor Precio','99999999','Guatemala','','','','','2017-10-23 20:25:12','2017-10-23 20:25:12'),(18,'Particular','55555555','Guatemala','','','','Todas las compras Particulares','2017-10-23 21:11:41','2017-10-23 21:11:41'),(19,'Chinamerican','22530796','3ra Av. 20-39 zona 1','chinamerican.vip@gmail.com','maricela','','49688842','2017-10-23 22:08:11','2017-10-23 22:08:11'),(20,'Frente a chinamerican','24343434','20 calle','','','','','2017-10-23 22:11:25','2017-10-23 22:11:25'),(21,'Intelaf','23280077','centro comercial montserrat segundo nivel','','','','','2017-10-23 22:54:14','2017-10-23 22:54:14'),(22,'Evolution games','22534787','edificion plaza vivar zona 1 ','','evelin ','','55156058','2017-10-23 23:46:24','2017-10-23 23:46:24'),(23,'ER  Repuestos y Accesorios para Celurares','24320991','C.C Montserrat local 14E1','','','','46956486','2017-10-24 00:43:22','2017-10-24 00:43:22');
/*!40000 ALTER TABLE `providers` ENABLE KEYS */;
UNLOCK TABLES;

--
-- Table structure for table `quotation_details`
--

DROP TABLE IF EXISTS `quotation_details`;
/*!40101 SET @saved_cs_client     = @@character_set_client */;
/*!40101 SET character_set_client = utf8 */;
CREATE TABLE `quotation_details` (
  `id` int(10) unsigned NOT NULL AUTO_INCREMENT,
  `quotation_id` int(10) unsigned NOT NULL,
  `product_id` int(10) unsigned NOT NULL,
  `cost_id` int(10) unsigned NOT NULL,
  `quantity` int(11) NOT NULL,
  `unit_price` decimal(10,2) NOT NULL,
  `unit_cost` decimal(10,2) NOT NULL,
  `sub_total` decimal(10,2) NOT NULL,
  `created_at` timestamp NULL DEFAULT NULL,
  `updated_at` timestamp NULL DEFAULT NULL,
  PRIMARY KEY (`id`),
  KEY `quotation_details_quotation_id_index` (`quotation_id`),
  KEY `quotation_details_product_id_index` (`product_id`),
  KEY `quotation_details_cost_id_index` (`cost_id`),
  CONSTRAINT `quotation_details_cost_id_foreign` FOREIGN KEY (`cost_id`) REFERENCES `costs` (`id`) ON DELETE CASCADE,
  CONSTRAINT `quotation_details_product_id_foreign` FOREIGN KEY (`product_id`) REFERENCES `products` (`id`) ON DELETE CASCADE,
  CONSTRAINT `quotation_details_quotation_id_foreign` FOREIGN KEY (`quotation_id`) REFERENCES `quotations` (`id`) ON DELETE CASCADE
) ENGINE=InnoDB DEFAULT CHARSET=utf8 COLLATE=utf8_unicode_ci;
/*!40101 SET character_set_client = @saved_cs_client */;

--
-- Dumping data for table `quotation_details`
--

LOCK TABLES `quotation_details` WRITE;
/*!40000 ALTER TABLE `quotation_details` DISABLE KEYS */;
/*!40000 ALTER TABLE `quotation_details` ENABLE KEYS */;
UNLOCK TABLES;

--
-- Table structure for table `quotations`
--

DROP TABLE IF EXISTS `quotations`;
/*!40101 SET @saved_cs_client     = @@character_set_client */;
/*!40101 SET character_set_client = utf8 */;
CREATE TABLE `quotations` (
  `id` int(10) unsigned NOT NULL AUTO_INCREMENT,
  `user_id` int(10) unsigned NOT NULL,
  `client_id` int(10) unsigned NOT NULL,
  `nit` varchar(20) COLLATE utf8_unicode_ci NOT NULL,
  `description` varchar(255) COLLATE utf8_unicode_ci NOT NULL,
  `total` decimal(10,2) NOT NULL,
  `created_at` timestamp NULL DEFAULT NULL,
  `updated_at` timestamp NULL DEFAULT NULL,
  PRIMARY KEY (`id`),
  KEY `quotations_user_id_index` (`user_id`),
  KEY `quotations_client_id_index` (`client_id`),
  CONSTRAINT `quotations_client_id_foreign` FOREIGN KEY (`client_id`) REFERENCES `clients` (`id`) ON DELETE CASCADE,
  CONSTRAINT `quotations_user_id_foreign` FOREIGN KEY (`user_id`) REFERENCES `users` (`id`) ON DELETE CASCADE
) ENGINE=InnoDB DEFAULT CHARSET=utf8 COLLATE=utf8_unicode_ci;
/*!40101 SET character_set_client = @saved_cs_client */;

--
-- Dumping data for table `quotations`
--

LOCK TABLES `quotations` WRITE;
/*!40000 ALTER TABLE `quotations` DISABLE KEYS */;
/*!40000 ALTER TABLE `quotations` ENABLE KEYS */;
UNLOCK TABLES;

--
-- Table structure for table `role_user`
--

DROP TABLE IF EXISTS `role_user`;
/*!40101 SET @saved_cs_client     = @@character_set_client */;
/*!40101 SET character_set_client = utf8 */;
CREATE TABLE `role_user` (
  `id` int(10) unsigned NOT NULL AUTO_INCREMENT,
  `role_id` int(10) unsigned NOT NULL,
  `user_id` int(10) unsigned NOT NULL,
  `created_at` timestamp NULL DEFAULT NULL,
  `updated_at` timestamp NULL DEFAULT NULL,
  PRIMARY KEY (`id`),
  KEY `role_user_role_id_index` (`role_id`),
  KEY `role_user_user_id_index` (`user_id`),
  CONSTRAINT `role_user_role_id_foreign` FOREIGN KEY (`role_id`) REFERENCES `roles` (`id`) ON DELETE CASCADE,
  CONSTRAINT `role_user_user_id_foreign` FOREIGN KEY (`user_id`) REFERENCES `users` (`id`) ON DELETE CASCADE
) ENGINE=InnoDB AUTO_INCREMENT=6 DEFAULT CHARSET=utf8 COLLATE=utf8_unicode_ci;
/*!40101 SET character_set_client = @saved_cs_client */;

--
-- Dumping data for table `role_user`
--

LOCK TABLES `role_user` WRITE;
/*!40000 ALTER TABLE `role_user` DISABLE KEYS */;
INSERT INTO `role_user` VALUES (4,1,1,'2017-10-23 20:15:49','2017-10-23 20:15:49'),(5,1,2,'2017-10-23 20:16:08','2017-10-23 20:16:08');
/*!40000 ALTER TABLE `role_user` ENABLE KEYS */;
UNLOCK TABLES;

--
-- Table structure for table `roles`
--

DROP TABLE IF EXISTS `roles`;
/*!40101 SET @saved_cs_client     = @@character_set_client */;
/*!40101 SET character_set_client = utf8 */;
CREATE TABLE `roles` (
  `id` int(10) unsigned NOT NULL AUTO_INCREMENT,
  `name` varchar(255) COLLATE utf8_unicode_ci NOT NULL,
  `slug` varchar(255) COLLATE utf8_unicode_ci NOT NULL,
  `description` varchar(255) COLLATE utf8_unicode_ci DEFAULT NULL,
  `level` int(11) NOT NULL DEFAULT '1',
  `created_at` timestamp NULL DEFAULT NULL,
  `updated_at` timestamp NULL DEFAULT NULL,
  PRIMARY KEY (`id`),
  UNIQUE KEY `roles_slug_unique` (`slug`)
) ENGINE=InnoDB AUTO_INCREMENT=3 DEFAULT CHARSET=utf8 COLLATE=utf8_unicode_ci;
/*!40101 SET character_set_client = @saved_cs_client */;

--
-- Dumping data for table `roles`
--

LOCK TABLES `roles` WRITE;
/*!40000 ALTER TABLE `roles` DISABLE KEYS */;
INSERT INTO `roles` VALUES (1,'Administrador','admin','Administrador del sistema',1,'2017-02-06 06:37:53','2017-02-06 06:37:53'),(2,'Usuario','user','Usuario normal en el sistema',1,'2017-02-06 06:37:53','2017-02-06 06:37:53');
/*!40000 ALTER TABLE `roles` ENABLE KEYS */;
UNLOCK TABLES;

--
-- Table structure for table `store_cash`
--

DROP TABLE IF EXISTS `store_cash`;
/*!40101 SET @saved_cs_client     = @@character_set_client */;
/*!40101 SET character_set_client = utf8 */;
CREATE TABLE `store_cash` (
  `id` int(10) unsigned NOT NULL AUTO_INCREMENT,
  `amount` decimal(10,2) NOT NULL,
  `created_at` timestamp NULL DEFAULT NULL,
  `updated_at` timestamp NULL DEFAULT NULL,
  PRIMARY KEY (`id`)
) ENGINE=InnoDB AUTO_INCREMENT=2 DEFAULT CHARSET=utf8 COLLATE=utf8_unicode_ci;
/*!40101 SET character_set_client = @saved_cs_client */;

--
-- Dumping data for table `store_cash`
--

LOCK TABLES `store_cash` WRITE;
/*!40000 ALTER TABLE `store_cash` DISABLE KEYS */;
INSERT INTO `store_cash` VALUES (1,725.00,'2017-10-25 17:35:55','2017-10-25 22:51:06');
/*!40000 ALTER TABLE `store_cash` ENABLE KEYS */;
UNLOCK TABLES;

--
-- Table structure for table `users`
--

DROP TABLE IF EXISTS `users`;
/*!40101 SET @saved_cs_client     = @@character_set_client */;
/*!40101 SET character_set_client = utf8 */;
CREATE TABLE `users` (
  `id` int(10) unsigned NOT NULL AUTO_INCREMENT,
  `name` varchar(255) COLLATE utf8_unicode_ci NOT NULL,
  `email` varchar(255) COLLATE utf8_unicode_ci NOT NULL,
  `password` varchar(255) COLLATE utf8_unicode_ci NOT NULL,
  `remember_token` varchar(100) COLLATE utf8_unicode_ci DEFAULT NULL,
  `created_at` timestamp NULL DEFAULT NULL,
  `updated_at` timestamp NULL DEFAULT NULL,
  PRIMARY KEY (`id`),
  UNIQUE KEY `users_email_unique` (`email`)
) ENGINE=InnoDB AUTO_INCREMENT=3 DEFAULT CHARSET=utf8 COLLATE=utf8_unicode_ci;
/*!40101 SET character_set_client = @saved_cs_client */;

--
-- Dumping data for table `users`
--

LOCK TABLES `users` WRITE;
/*!40000 ALTER TABLE `users` DISABLE KEYS */;
INSERT INTO `users` VALUES (1,'Carlos Teleguario','admin@mail.com','$2y$10$hiOC1DWu309Mh4Zyxu3VluJjxDN.kxAuu5.wiUD2xzeJSAI.rVU32','20WpCXF3NCuxxRHLChxCNivsTq4PnoUizQdLNmUwljBcnNxmuH6q3pUuXEvv','2017-02-06 06:37:53','2017-10-25 15:45:34'),(2,'Erick Lopez','erick@mail.com','$2y$10$z/3kTMsRXivUevC9TmaIbuCr95ULFM0XAivpiltCy/Ukyfh.w7cDK','s8vWuVwOij69X2XYzTJTHzKMUP1jmWlF8v4RIrVnjLufSsbdLPDVjIDVaJk7','2017-10-23 18:49:29','2017-10-25 17:59:48');
/*!40000 ALTER TABLE `users` ENABLE KEYS */;
UNLOCK TABLES;
/*!40103 SET TIME_ZONE=@OLD_TIME_ZONE */;

/*!40101 SET SQL_MODE=@OLD_SQL_MODE */;
/*!40014 SET FOREIGN_KEY_CHECKS=@OLD_FOREIGN_KEY_CHECKS */;
/*!40014 SET UNIQUE_CHECKS=@OLD_UNIQUE_CHECKS */;
/*!40101 SET CHARACTER_SET_CLIENT=@OLD_CHARACTER_SET_CLIENT */;
/*!40101 SET CHARACTER_SET_RESULTS=@OLD_CHARACTER_SET_RESULTS */;
/*!40101 SET COLLATION_CONNECTION=@OLD_COLLATION_CONNECTION */;
/*!40111 SET SQL_NOTES=@OLD_SQL_NOTES */;

-- Dump completed on 2017-10-26 15:56:19
